Arguments: 
  C:\nvm4w\nodejs\node.exe C:\Program Files (x86)\Yarn\bin\yarn.js install

PATH: 
  C:\Program Files (x86)\Common Files\Oracle\Java\javapath;C:\Program Files\Common Files\Oracle\Java\javapath;C:\WINDOWS\system32;C:\WINDOWS;C:\WINDOWS\System32\Wbem;C:\WINDOWS\System32\WindowsPowerShell\v1.0\;C:\WINDOWS\System32\OpenSSH\;C:\Program Files\PuTTY\;C:\Program Files\Java\jdk-11.0.13\bin;C:\Program Files\Java\jdk1.8.0_202\bin;C:\ProgramData\ComposerSetup\bin;C:\Program Files\Microsoft VS Code\bin;C:\Program Files\Git\cmd;C:\Program Files (x86)\Yarn\bin\;8C:\Program Files\Java\jdk1.8.0_202\bin;C:\Program Files\dotnet\;C:\Users\axerinda\AppData\Roaming\nvm;C:\nvm4w\nodejs;C:\Users\axerinda\AppData\Roaming\npm;C:\Users\axerinda\AppData\Local\Microsoft\WindowsApps;C:\Users\axerinda\AppData\Local\Yarn\bin;C:\msys64\mingw64\bin;C:\Users\axerinda\AppData\Roaming\npm\node_modules\@angular\cli\bin;C:\Program Files\php-8.3;C:\Users\axerinda\AppData\Roaming\Composer\vendor\bin;C:\Users\axerinda\AppData\Roaming\nvm;C:\nvm4w\nodejs;c:\Users\axerinda\AppData\Roaming\Code\User\globalStorage\github.copilot-chat\debugCommand

Yarn version: 
  1.22.19

Node version: 
  20.19.0

Platform: 
  win32 x64

Trace: 
  Error: EPERM: operation not permitted, unlink 'C:\Users\axerinda\dhis2-semis-enrollment\node_modules\@esbuild\win32-x64\esbuild.exe'

npm manifest: 
  {
    "name": "dhis2-semis-enrollment",
    "version": "1.0.1-alpha.63",
    "description": "",
    "license": "BSD-3-Clause",
    "private": false,
    "main": "dist/index.js",
    "types": "dist/declarations/index.d.ts",
    "exports": {
      ".": {
        "require": "./dist/index.js",
        "import": "./dist/index.js",
        "types": "./dist/declarations/index.d.ts"
      }
    },
    "scripts": {
      "build": "d2-app-scripts build",
      "start": "d2-app-scripts start --proxy https://emiseswatini.dev.hispuganda.org/emiseswatini",
      "test": "d2-app-scripts test",
      "deploy": "d2-app-scripts deploy",
      "copy-files": "copyfiles -u 1 \"src/**/*.png\" \"src/**/*.svg\" \"src/**/*.css\" dist/",
      "lib": "rimraf ./dist && npx tsc -b && yarn copy-files"
    },
    "devDependencies": {
      "@babel/plugin-proposal-private-property-in-object": "^7.21.11",
      "@dhis2/app-adapter": "12.6.0",
      "@dhis2/app-runtime": "3.14.1",
      "@dhis2/cli-app-scripts": "12.6.4",
      "@dhis2/ui": "10.7.2",
      "@emotion/react": "^11.14.0",
      "@emotion/styled": "^11.14.0",
      "@mui/icons-material": "7.1.0",
      "@mui/material": "7.1.0",
      "@types/react": "18.3.1",
      "@types/react-dom": "^18.3.1",
      "copyfiles": "^2.4.1",
      "dhis2-semis-components": "0.6.7-alpha.31",
      "dhis2-semis-functions": "0.0.7-alpha.7",
      "dhis2-semis-types": "1.3.19",
      "eslint": "^8.57.1",
      "eslint-config-standard-with-typescript": "^36.1.1",
      "eslint-plugin-import": "^2.27.5",
      "eslint-plugin-n": "^16.6.2",
      "eslint-plugin-promise": "^6.6.0",
      "eslint-plugin-react": "^7.32.2",
      "rimraf": "^6.0.1",
      "typescript": "^5.7.2"
    },
    "peerDependencies": {
      "@dhis2/app-adapter": "12.6.0",
      "@dhis2/app-runtime": "3.14.1",
      "@dhis2/ui": "10.7.2",
      "@emotion/react": "^11.14.0",
      "@emotion/styled": "^11.14.0",
      "@mui/icons-material": "7.1.0",
      "@mui/material": "7.1.0",
      "dhis2-semis-components": "*",
      "dhis2-semis-functions": "*",
      "dhis2-semis-types": "*",
      "recoil": "^0.7.7"
    },
    "dependencies": {
      "acorn": "^8.14.0",
      "bootstrap": "^5.3.3",
      "classnames": "^2.5.1",
      "react-bootstrap": "^2.10.5",
      "react-final-form": "^6.5.9",
      "react-router-dom": "^6.29.0"
    },
    "resolutions": {
      "strip-ansi": "6.0.1"
    },
    "files": [
      "dist"
    ]
  }

yarn manifest: 
  No manifest

Lockfile: 
  # THIS IS AN AUTOGENERATED FILE. DO NOT EDIT THIS FILE DIRECTLY.
  # yarn lockfile v1
  
  
  "@ampproject/remapping@^2.2.0":
    version "2.3.0"
    dependencies:
      "@jridgewell/gen-mapping" "^0.3.5"
      "@jridgewell/trace-mapping" "^0.3.24"
  
  "@apideck/better-ajv-errors@^0.3.1":
    version "0.3.6"
    dependencies:
      json-schema "^0.4.0"
      jsonpointer "^5.0.0"
      leven "^3.1.0"
  
  "@babel/code-frame@^7.0.0", "@babel/code-frame@^7.12.13", "@babel/code-frame@^7.16.0", "@babel/code-frame@^7.27.1", "@babel/code-frame@^7.8.3":
    version "7.27.1"
    dependencies:
      "@babel/helper-validator-identifier" "^7.27.1"
      js-tokens "^4.0.0"
      picocolors "^1.1.1"
  
  "@babel/compat-data@^7.27.2", "@babel/compat-data@^7.27.7", "@babel/compat-data@^7.28.0":
    version "7.28.0"
  
  "@babel/core@^7.0.0", "@babel/core@^7.0.0-0", "@babel/core@^7.0.0-0 || ^8.0.0-0 <8.0.0", "@babel/core@^7.1.0", "@babel/core@^7.12.0", "@babel/core@^7.12.3", "@babel/core@^7.13.0", "@babel/core@^7.24.4", "@babel/core@^7.26.0", "@babel/core@^7.27.4", "@babel/core@^7.4.0 || ^8.0.0-0 <8.0.0", "@babel/core@^7.7.2", "@babel/core@^7.8.0":
    version "7.28.0"
    dependencies:
      "@ampproject/remapping" "^2.2.0"
      "@babel/code-frame" "^7.27.1"
      "@babel/generator" "^7.28.0"
      "@babel/helper-compilation-targets" "^7.27.2"
      "@babel/helper-module-transforms" "^7.27.3"
      "@babel/helpers" "^7.27.6"
      "@babel/parser" "^7.28.0"
      "@babel/template" "^7.27.2"
      "@babel/traverse" "^7.28.0"
      "@babel/types" "^7.28.0"
      convert-source-map "^2.0.0"
      debug "^4.1.0"
      gensync "^1.0.0-beta.2"
      json5 "^2.2.3"
      semver "^6.3.1"
  
  "@babel/generator@^7.28.0", "@babel/generator@^7.7.2":
    version "7.28.0"
    dependencies:
      "@babel/parser" "^7.28.0"
      "@babel/types" "^7.28.0"
      "@jridgewell/gen-mapping" "^0.3.12"
      "@jridgewell/trace-mapping" "^0.3.28"
      jsesc "^3.0.2"
  
  "@babel/helper-annotate-as-pure@^7.18.6", "@babel/helper-annotate-as-pure@^7.27.1", "@babel/helper-annotate-as-pure@^7.27.3":
    version "7.27.3"
    dependencies:
      "@babel/types" "^7.27.3"
  
  "@babel/helper-compilation-targets@^7.27.1", "@babel/helper-compilation-targets@^7.27.2":
    version "7.27.2"
    dependencies:
      "@babel/compat-data" "^7.27.2"
      "@babel/helper-validator-option" "^7.27.1"
      browserslist "^4.24.0"
      lru-cache "^5.1.1"
      semver "^6.3.1"
  
  "@babel/helper-create-class-features-plugin@^7.18.6", "@babel/helper-create-class-features-plugin@^7.21.0", "@babel/helper-create-class-features-plugin@^7.27.1":
    version "7.27.1"
    dependencies:
      "@babel/helper-annotate-as-pure" "^7.27.1"
      "@babel/helper-member-expression-to-functions" "^7.27.1"
      "@babel/helper-optimise-call-expression" "^7.27.1"
      "@babel/helper-replace-supers" "^7.27.1"
      "@babel/helper-skip-transparent-expression-wrappers" "^7.27.1"
      "@babel/traverse" "^7.27.1"
      semver "^6.3.1"
  
  "@babel/helper-create-regexp-features-plugin@^7.18.6", "@babel/helper-create-regexp-features-plugin@^7.27.1":
    version "7.27.1"
    dependencies:
      "@babel/helper-annotate-as-pure" "^7.27.1"
      regexpu-core "^6.2.0"
      semver "^6.3.1"
  
  "@babel/helper-define-polyfill-provider@^0.6.5":
    version "0.6.5"
    dependencies:
      "@babel/helper-compilation-targets" "^7.27.2"
      "@babel/helper-plugin-utils" "^7.27.1"
      debug "^4.4.1"
      lodash.debounce "^4.0.8"
      resolve "^1.22.10"
  
  "@babel/helper-globals@^7.28.0":
    version "7.28.0"
  
  "@babel/helper-member-expression-to-functions@^7.27.1":
    version "7.27.1"
    dependencies:
      "@babel/traverse" "^7.27.1"
      "@babel/types" "^7.27.1"
  
  "@babel/helper-module-imports@^7.10.4", "@babel/helper-module-imports@^7.16.7", "@babel/helper-module-imports@^7.27.1":
    version "7.27.1"
    dependencies:
      "@babel/traverse" "^7.27.1"
      "@babel/types" "^7.27.1"
  
  "@babel/helper-module-transforms@^7.27.1", "@babel/helper-module-transforms@^7.27.3":
    version "7.27.3"
    dependencies:
      "@babel/helper-module-imports" "^7.27.1"
      "@babel/helper-validator-identifier" "^7.27.1"
      "@babel/traverse" "^7.27.3"
  
  "@babel/helper-optimise-call-expression@^7.27.1":
    version "7.27.1"
    dependencies:
      "@babel/types" "^7.27.1"
  
  "@babel/helper-plugin-utils@^7.0.0", "@babel/helper-plugin-utils@^7.10.4", "@babel/helper-plugin-utils@^7.12.13", "@babel/helper-plugin-utils@^7.14.5", "@babel/helper-plugin-utils@^7.18.6", "@babel/helper-plugin-utils@^7.20.2", "@babel/helper-plugin-utils@^7.27.1", "@babel/helper-plugin-utils@^7.8.0":
    version "7.27.1"
  
  "@babel/helper-remap-async-to-generator@^7.27.1":
    version "7.27.1"
    dependencies:
      "@babel/helper-annotate-as-pure" "^7.27.1"
      "@babel/helper-wrap-function" "^7.27.1"
      "@babel/traverse" "^7.27.1"
  
  "@babel/helper-replace-supers@^7.27.1":
    version "7.27.1"
    dependencies:
      "@babel/helper-member-expression-to-functions" "^7.27.1"
      "@babel/helper-optimise-call-expression" "^7.27.1"
      "@babel/traverse" "^7.27.1"
  
  "@babel/helper-skip-transparent-expression-wrappers@^7.20.0", "@babel/helper-skip-transparent-expression-wrappers@^7.27.1":
    version "7.27.1"
    dependencies:
      "@babel/traverse" "^7.27.1"
      "@babel/types" "^7.27.1"
  
  "@babel/helper-string-parser@^7.27.1":
    version "7.27.1"
  
  "@babel/helper-validator-identifier@^7.14.9", "@babel/helper-validator-identifier@^7.27.1":
    version "7.27.1"
  
  "@babel/helper-validator-option@^7.27.1":
    version "7.27.1"
  
  "@babel/helper-wrap-function@^7.27.1":
    version "7.27.1"
    dependencies:
      "@babel/template" "^7.27.1"
      "@babel/traverse" "^7.27.1"
      "@babel/types" "^7.27.1"
  
  "@babel/helpers@^7.27.6":
    version "7.27.6"
    dependencies:
      "@babel/template" "^7.27.2"
      "@babel/types" "^7.27.6"
  
  "@babel/parser@^7.1.0", "@babel/parser@^7.14.7", "@babel/parser@^7.20.7", "@babel/parser@^7.27.2", "@babel/parser@^7.28.0":
    version "7.28.0"
    dependencies:
      "@babel/types" "^7.28.0"
  
  "@babel/plugin-bugfix-firefox-class-in-computed-class-key@^7.27.1":
    version "7.27.1"
    dependencies:
      "@babel/helper-plugin-utils" "^7.27.1"
      "@babel/traverse" "^7.27.1"
  
  "@babel/plugin-bugfix-safari-class-field-initializer-scope@^7.27.1":
    version "7.27.1"
    dependencies:
      "@babel/helper-plugin-utils" "^7.27.1"
  
  "@babel/plugin-bugfix-safari-id-destructuring-collision-in-function-expression@^7.27.1":
    version "7.27.1"
    dependencies:
      "@babel/helper-plugin-utils" "^7.27.1"
  
  "@babel/plugin-bugfix-v8-spread-parameters-in-optional-chaining@^7.27.1":
    version "7.27.1"
    dependencies:
      "@babel/helper-plugin-utils" "^7.27.1"
      "@babel/helper-skip-transparent-expression-wrappers" "^7.27.1"
      "@babel/plugin-transform-optional-chaining" "^7.27.1"
  
  "@babel/plugin-bugfix-v8-static-class-fields-redefine-readonly@^7.27.1":
    version "7.27.1"
    dependencies:
      "@babel/helper-plugin-utils" "^7.27.1"
      "@babel/traverse" "^7.27.1"
  
  "@babel/plugin-proposal-class-properties@^7.8.3":
    version "7.18.6"
    dependencies:
      "@babel/helper-create-class-features-plugin" "^7.18.6"
      "@babel/helper-plugin-utils" "^7.18.6"
  
  "@babel/plugin-proposal-nullish-coalescing-operator@^7.8.3":
    version "7.18.6"
    dependencies:
      "@babel/helper-plugin-utils" "^7.18.6"
      "@babel/plugin-syntax-nullish-coalescing-operator" "^7.8.3"
  
  "@babel/plugin-proposal-optional-chaining@^7.8.3":
    version "7.21.0"
    dependencies:
      "@babel/helper-plugin-utils" "^7.20.2"
      "@babel/helper-skip-transparent-expression-wrappers" "^7.20.0"
      "@babel/plugin-syntax-optional-chaining" "^7.8.3"
  
  "@babel/plugin-proposal-private-property-in-object@^7.21.11":
    version "7.21.11"
    dependencies:
      "@babel/helper-annotate-as-pure" "^7.18.6"
      "@babel/helper-create-class-features-plugin" "^7.21.0"
      "@babel/helper-plugin-utils" "^7.20.2"
      "@babel/plugin-syntax-private-property-in-object" "^7.14.5"
  
  "@babel/plugin-proposal-private-property-in-object@7.21.0-placeholder-for-preset-env.2":
    version "7.21.0-placeholder-for-preset-env.2"
  
  "@babel/plugin-syntax-async-generators@^7.8.4":
    version "7.8.4"
    dependencies:
      "@babel/helper-plugin-utils" "^7.8.0"
  
  "@babel/plugin-syntax-bigint@^7.8.3":
    version "7.8.3"
    dependencies:
      "@babel/helper-plugin-utils" "^7.8.0"
  
  "@babel/plugin-syntax-class-properties@^7.12.13":
    version "7.12.13"
    dependencies:
      "@babel/helper-plugin-utils" "^7.12.13"
  
  "@babel/plugin-syntax-class-static-block@^7.14.5":
    version "7.14.5"
    dependencies:
      "@babel/helper-plugin-utils" "^7.14.5"
  
  "@babel/plugin-syntax-dynamic-import@^7.8.3":
    version "7.8.3"
    dependencies:
      "@babel/helper-plugin-utils" "^7.8.0"
  
  "@babel/plugin-syntax-flow@^7.24.7":
    version "7.27.1"
    dependencies:
      "@babel/helper-plugin-utils" "^7.27.1"
  
  "@babel/plugin-syntax-import-assertions@^7.27.1":
    version "7.27.1"
    dependencies:
      "@babel/helper-plugin-utils" "^7.27.1"
  
  "@babel/plugin-syntax-import-attributes@^7.24.7", "@babel/plugin-syntax-import-attributes@^7.27.1":
    version "7.27.1"
    dependencies:
      "@babel/helper-plugin-utils" "^7.27.1"
  
  "@babel/plugin-syntax-import-meta@^7.10.4":
    version "7.10.4"
    dependencies:
      "@babel/helper-plugin-utils" "^7.10.4"
  
  "@babel/plugin-syntax-json-strings@^7.8.3":
    version "7.8.3"
    dependencies:
      "@babel/helper-plugin-utils" "^7.8.0"
  
  "@babel/plugin-syntax-jsx@^7.27.1":
    version "7.27.1"
    dependencies:
      "@babel/helper-plugin-utils" "^7.27.1"
  
  "@babel/plugin-syntax-jsx@7.14.5":
    version "7.14.5"
    dependencies:
      "@babel/helper-plugin-utils" "^7.14.5"
  
  "@babel/plugin-syntax-logical-assignment-operators@^7.10.4":
    version "7.10.4"
    dependencies:
      "@babel/helper-plugin-utils" "^7.10.4"
  
  "@babel/plugin-syntax-nullish-coalescing-operator@^7.8.3":
    version "7.8.3"
    dependencies:
      "@babel/helper-plugin-utils" "^7.8.0"
  
  "@babel/plugin-syntax-numeric-separator@^7.10.4":
    version "7.10.4"
    dependencies:
      "@babel/helper-plugin-utils" "^7.10.4"
  
  "@babel/plugin-syntax-object-rest-spread@^7.8.3":
    version "7.8.3"
    dependencies:
      "@babel/helper-plugin-utils" "^7.8.0"
  
  "@babel/plugin-syntax-optional-catch-binding@^7.8.3":
    version "7.8.3"
    dependencies:
      "@babel/helper-plugin-utils" "^7.8.0"
  
  "@babel/plugin-syntax-optional-chaining@^7.8.3":
    version "7.8.3"
    dependencies:
      "@babel/helper-plugin-utils" "^7.8.0"
  
  "@babel/plugin-syntax-private-property-in-object@^7.14.5":
    version "7.14.5"
    dependencies:
      "@babel/helper-plugin-utils" "^7.14.5"
  
  "@babel/plugin-syntax-top-level-await@^7.14.5":
    version "7.14.5"
    dependencies:
      "@babel/helper-plugin-utils" "^7.14.5"
  
  "@babel/plugin-syntax-typescript@^7.27.1", "@babel/plugin-syntax-typescript@^7.7.2":
    version "7.27.1"
    dependencies:
      "@babel/helper-plugin-utils" "^7.27.1"
  
  "@babel/plugin-syntax-unicode-sets-regex@^7.18.6":
    version "7.18.6"
    dependencies:
      "@babel/helper-create-regexp-features-plugin" "^7.18.6"
      "@babel/helper-plugin-utils" "^7.18.6"
  
  "@babel/plugin-transform-arrow-functions@^7.27.1":
    version "7.27.1"
    dependencies:
      "@babel/helper-plugin-utils" "^7.27.1"
  
  "@babel/plugin-transform-async-generator-functions@^7.28.0":
    version "7.28.0"
    dependencies:
      "@babel/helper-plugin-utils" "^7.27.1"
      "@babel/helper-remap-async-to-generator" "^7.27.1"
      "@babel/traverse" "^7.28.0"
  
  "@babel/plugin-transform-async-to-generator@^7.27.1":
    version "7.27.1"
    dependencies:
      "@babel/helper-module-imports" "^7.27.1"
      "@babel/helper-plugin-utils" "^7.27.1"
      "@babel/helper-remap-async-to-generator" "^7.27.1"
  
  "@babel/plugin-transform-block-scoped-functions@^7.27.1":
    version "7.27.1"
    dependencies:
      "@babel/helper-plugin-utils" "^7.27.1"
  
  "@babel/plugin-transform-block-scoping@^7.28.0":
    version "7.28.0"
    dependencies:
      "@babel/helper-plugin-utils" "^7.27.1"
  
  "@babel/plugin-transform-class-properties@^7.27.1":
    version "7.27.1"
    dependencies:
      "@babel/helper-create-class-features-plugin" "^7.27.1"
      "@babel/helper-plugin-utils" "^7.27.1"
  
  "@babel/plugin-transform-class-static-block@^7.27.1":
    version "7.27.1"
    dependencies:
      "@babel/helper-create-class-features-plugin" "^7.27.1"
      "@babel/helper-plugin-utils" "^7.27.1"
  
  "@babel/plugin-transform-classes@^7.28.0":
    version "7.28.0"
    dependencies:
      "@babel/helper-annotate-as-pure" "^7.27.3"
      "@babel/helper-compilation-targets" "^7.27.2"
      "@babel/helper-globals" "^7.28.0"
      "@babel/helper-plugin-utils" "^7.27.1"
      "@babel/helper-replace-supers" "^7.27.1"
      "@babel/traverse" "^7.28.0"
  
  "@babel/plugin-transform-computed-properties@^7.27.1":
    version "7.27.1"
    dependencies:
      "@babel/helper-plugin-utils" "^7.27.1"
      "@babel/template" "^7.27.1"
  
  "@babel/plugin-transform-destructuring@^7.28.0":
    version "7.28.0"
    dependencies:
      "@babel/helper-plugin-utils" "^7.27.1"
      "@babel/traverse" "^7.28.0"
  
  "@babel/plugin-transform-dotall-regex@^7.27.1":
    version "7.27.1"
    dependencies:
      "@babel/helper-create-regexp-features-plugin" "^7.27.1"
      "@babel/helper-plugin-utils" "^7.27.1"
  
  "@babel/plugin-transform-duplicate-keys@^7.27.1":
    version "7.27.1"
    dependencies:
      "@babel/helper-plugin-utils" "^7.27.1"
  
  "@babel/plugin-transform-duplicate-named-capturing-groups-regex@^7.27.1":
    version "7.27.1"
    dependencies:
      "@babel/helper-create-regexp-features-plugin" "^7.27.1"
      "@babel/helper-plugin-utils" "^7.27.1"
  
  "@babel/plugin-transform-dynamic-import@^7.27.1":
    version "7.27.1"
    dependencies:
      "@babel/helper-plugin-utils" "^7.27.1"
  
  "@babel/plugin-transform-explicit-resource-management@^7.28.0":
    version "7.28.0"
    dependencies:
      "@babel/helper-plugin-utils" "^7.27.1"
      "@babel/plugin-transform-destructuring" "^7.28.0"
  
  "@babel/plugin-transform-exponentiation-operator@^7.27.1":
    version "7.27.1"
    dependencies:
      "@babel/helper-plugin-utils" "^7.27.1"
  
  "@babel/plugin-transform-export-namespace-from@^7.27.1":
    version "7.27.1"
    dependencies:
      "@babel/helper-plugin-utils" "^7.27.1"
  
  "@babel/plugin-transform-for-of@^7.27.1":
    version "7.27.1"
    dependencies:
      "@babel/helper-plugin-utils" "^7.27.1"
      "@babel/helper-skip-transparent-expression-wrappers" "^7.27.1"
  
  "@babel/plugin-transform-function-name@^7.27.1":
    version "7.27.1"
    dependencies:
      "@babel/helper-compilation-targets" "^7.27.1"
      "@babel/helper-plugin-utils" "^7.27.1"
      "@babel/traverse" "^7.27.1"
  
  "@babel/plugin-transform-json-strings@^7.27.1":
    version "7.27.1"
    dependencies:
      "@babel/helper-plugin-utils" "^7.27.1"
  
  "@babel/plugin-transform-literals@^7.27.1":
    version "7.27.1"
    dependencies:
      "@babel/helper-plugin-utils" "^7.27.1"
  
  "@babel/plugin-transform-logical-assignment-operators@^7.27.1":
    version "7.27.1"
    dependencies:
      "@babel/helper-plugin-utils" "^7.27.1"
  
  "@babel/plugin-transform-member-expression-literals@^7.27.1":
    version "7.27.1"
    dependencies:
      "@babel/helper-plugin-utils" "^7.27.1"
  
  "@babel/plugin-transform-modules-amd@^7.27.1":
    version "7.27.1"
    dependencies:
      "@babel/helper-module-transforms" "^7.27.1"
      "@babel/helper-plugin-utils" "^7.27.1"
  
  "@babel/plugin-transform-modules-commonjs@^7.27.1":
    version "7.27.1"
    dependencies:
      "@babel/helper-module-transforms" "^7.27.1"
      "@babel/helper-plugin-utils" "^7.27.1"
  
  "@babel/plugin-transform-modules-systemjs@^7.27.1":
    version "7.27.1"
    dependencies:
      "@babel/helper-module-transforms" "^7.27.1"
      "@babel/helper-plugin-utils" "^7.27.1"
      "@babel/helper-validator-identifier" "^7.27.1"
      "@babel/traverse" "^7.27.1"
  
  "@babel/plugin-transform-modules-umd@^7.27.1":
    version "7.27.1"
    dependencies:
      "@babel/helper-module-transforms" "^7.27.1"
      "@babel/helper-plugin-utils" "^7.27.1"
  
  "@babel/plugin-transform-named-capturing-groups-regex@^7.27.1":
    version "7.27.1"
    dependencies:
      "@babel/helper-create-regexp-features-plugin" "^7.27.1"
      "@babel/helper-plugin-utils" "^7.27.1"
  
  "@babel/plugin-transform-new-target@^7.27.1":
    version "7.27.1"
    dependencies:
      "@babel/helper-plugin-utils" "^7.27.1"
  
  "@babel/plugin-transform-nullish-coalescing-operator@^7.27.1":
    version "7.27.1"
    dependencies:
      "@babel/helper-plugin-utils" "^7.27.1"
  
  "@babel/plugin-transform-numeric-separator@^7.27.1":
    version "7.27.1"
    dependencies:
      "@babel/helper-plugin-utils" "^7.27.1"
  
  "@babel/plugin-transform-object-rest-spread@^7.28.0":
    version "7.28.0"
    dependencies:
      "@babel/helper-compilation-targets" "^7.27.2"
      "@babel/helper-plugin-utils" "^7.27.1"
      "@babel/plugin-transform-destructuring" "^7.28.0"
      "@babel/plugin-transform-parameters" "^7.27.7"
      "@babel/traverse" "^7.28.0"
  
  "@babel/plugin-transform-object-super@^7.27.1":
    version "7.27.1"
    dependencies:
      "@babel/helper-plugin-utils" "^7.27.1"
      "@babel/helper-replace-supers" "^7.27.1"
  
  "@babel/plugin-transform-optional-catch-binding@^7.27.1":
    version "7.27.1"
    dependencies:
      "@babel/helper-plugin-utils" "^7.27.1"
  
  "@babel/plugin-transform-optional-chaining@^7.27.1":
    version "7.27.1"
    dependencies:
      "@babel/helper-plugin-utils" "^7.27.1"
      "@babel/helper-skip-transparent-expression-wrappers" "^7.27.1"
  
  "@babel/plugin-transform-parameters@^7.27.7":
    version "7.27.7"
    dependencies:
      "@babel/helper-plugin-utils" "^7.27.1"
  
  "@babel/plugin-transform-private-methods@^7.27.1":
    version "7.27.1"
    dependencies:
      "@babel/helper-create-class-features-plugin" "^7.27.1"
      "@babel/helper-plugin-utils" "^7.27.1"
  
  "@babel/plugin-transform-private-property-in-object@^7.27.1":
    version "7.27.1"
    dependencies:
      "@babel/helper-annotate-as-pure" "^7.27.1"
      "@babel/helper-create-class-features-plugin" "^7.27.1"
      "@babel/helper-plugin-utils" "^7.27.1"
  
  "@babel/plugin-transform-property-literals@^7.27.1":
    version "7.27.1"
    dependencies:
      "@babel/helper-plugin-utils" "^7.27.1"
  
  "@babel/plugin-transform-react-display-name@^7.27.1":
    version "7.28.0"
    dependencies:
      "@babel/helper-plugin-utils" "^7.27.1"
  
  "@babel/plugin-transform-react-jsx-development@^7.27.1":
    version "7.27.1"
    dependencies:
      "@babel/plugin-transform-react-jsx" "^7.27.1"
  
  "@babel/plugin-transform-react-jsx-self@^7.27.1":
    version "7.27.1"
    dependencies:
      "@babel/helper-plugin-utils" "^7.27.1"
  
  "@babel/plugin-transform-react-jsx-source@^7.27.1":
    version "7.27.1"
    dependencies:
      "@babel/helper-plugin-utils" "^7.27.1"
  
  "@babel/plugin-transform-react-jsx@^7.27.1":
    version "7.27.1"
    dependencies:
      "@babel/helper-annotate-as-pure" "^7.27.1"
      "@babel/helper-module-imports" "^7.27.1"
      "@babel/helper-plugin-utils" "^7.27.1"
      "@babel/plugin-syntax-jsx" "^7.27.1"
      "@babel/types" "^7.27.1"
  
  "@babel/plugin-transform-react-pure-annotations@^7.27.1":
    version "7.27.1"
    dependencies:
      "@babel/helper-annotate-as-pure" "^7.27.1"
      "@babel/helper-plugin-utils" "^7.27.1"
  
  "@babel/plugin-transform-regenerator@^7.28.0":
    version "7.28.0"
    dependencies:
      "@babel/helper-plugin-utils" "^7.27.1"
  
  "@babel/plugin-transform-regexp-modifiers@^7.27.1":
    version "7.27.1"
    dependencies:
      "@babel/helper-create-regexp-features-plugin" "^7.27.1"
      "@babel/helper-plugin-utils" "^7.27.1"
  
  "@babel/plugin-transform-reserved-words@^7.27.1":
    version "7.27.1"
    dependencies:
      "@babel/helper-plugin-utils" "^7.27.1"
  
  "@babel/plugin-transform-shorthand-properties@^7.27.1":
    version "7.27.1"
    dependencies:
      "@babel/helper-plugin-utils" "^7.27.1"
  
  "@babel/plugin-transform-spread@^7.27.1":
    version "7.27.1"
    dependencies:
      "@babel/helper-plugin-utils" "^7.27.1"
      "@babel/helper-skip-transparent-expression-wrappers" "^7.27.1"
  
  "@babel/plugin-transform-sticky-regex@^7.27.1":
    version "7.27.1"
    dependencies:
      "@babel/helper-plugin-utils" "^7.27.1"
  
  "@babel/plugin-transform-template-literals@^7.27.1":
    version "7.27.1"
    dependencies:
      "@babel/helper-plugin-utils" "^7.27.1"
  
  "@babel/plugin-transform-typeof-symbol@^7.27.1":
    version "7.27.1"
    dependencies:
      "@babel/helper-plugin-utils" "^7.27.1"
  
  "@babel/plugin-transform-typescript@^7.27.1":
    version "7.28.0"
    dependencies:
      "@babel/helper-annotate-as-pure" "^7.27.3"
      "@babel/helper-create-class-features-plugin" "^7.27.1"
      "@babel/helper-plugin-utils" "^7.27.1"
      "@babel/helper-skip-transparent-expression-wrappers" "^7.27.1"
      "@babel/plugin-syntax-typescript" "^7.27.1"
  
  "@babel/plugin-transform-unicode-escapes@^7.27.1":
    version "7.27.1"
    dependencies:
      "@babel/helper-plugin-utils" "^7.27.1"
  
  "@babel/plugin-transform-unicode-property-regex@^7.27.1":
    version "7.27.1"
    dependencies:
      "@babel/helper-create-regexp-features-plugin" "^7.27.1"
      "@babel/helper-plugin-utils" "^7.27.1"
  
  "@babel/plugin-transform-unicode-regex@^7.27.1":
    version "7.27.1"
    dependencies:
      "@babel/helper-create-regexp-features-plugin" "^7.27.1"
      "@babel/helper-plugin-utils" "^7.27.1"
  
  "@babel/plugin-transform-unicode-sets-regex@^7.27.1":
    version "7.27.1"
    dependencies:
      "@babel/helper-create-regexp-features-plugin" "^7.27.1"
      "@babel/helper-plugin-utils" "^7.27.1"
  
  "@babel/preset-env@^7.11.0", "@babel/preset-env@^7.14.7":
    version "7.28.0"
    dependencies:
      "@babel/compat-data" "^7.28.0"
      "@babel/helper-compilation-targets" "^7.27.2"
      "@babel/helper-plugin-utils" "^7.27.1"
      "@babel/helper-validator-option" "^7.27.1"
      "@babel/plugin-bugfix-firefox-class-in-computed-class-key" "^7.27.1"
      "@babel/plugin-bugfix-safari-class-field-initializer-scope" "^7.27.1"
      "@babel/plugin-bugfix-safari-id-destructuring-collision-in-function-expression" "^7.27.1"
      "@babel/plugin-bugfix-v8-spread-parameters-in-optional-chaining" "^7.27.1"
      "@babel/plugin-bugfix-v8-static-class-fields-redefine-readonly" "^7.27.1"
      "@babel/plugin-proposal-private-property-in-object" "7.21.0-placeholder-for-preset-env.2"
      "@babel/plugin-syntax-import-assertions" "^7.27.1"
      "@babel/plugin-syntax-import-attributes" "^7.27.1"
      "@babel/plugin-syntax-unicode-sets-regex" "^7.18.6"
      "@babel/plugin-transform-arrow-functions" "^7.27.1"
      "@babel/plugin-transform-async-generator-functions" "^7.28.0"
      "@babel/plugin-transform-async-to-generator" "^7.27.1"
      "@babel/plugin-transform-block-scoped-functions" "^7.27.1"
      "@babel/plugin-transform-block-scoping" "^7.28.0"
      "@babel/plugin-transform-class-properties" "^7.27.1"
      "@babel/plugin-transform-class-static-block" "^7.27.1"
      "@babel/plugin-transform-classes" "^7.28.0"
      "@babel/plugin-transform-computed-properties" "^7.27.1"
      "@babel/plugin-transform-destructuring" "^7.28.0"
      "@babel/plugin-transform-dotall-regex" "^7.27.1"
      "@babel/plugin-transform-duplicate-keys" "^7.27.1"
      "@babel/plugin-transform-duplicate-named-capturing-groups-regex" "^7.27.1"
      "@babel/plugin-transform-dynamic-import" "^7.27.1"
      "@babel/plugin-transform-explicit-resource-management" "^7.28.0"
      "@babel/plugin-transform-exponentiation-operator" "^7.27.1"
      "@babel/plugin-transform-export-namespace-from" "^7.27.1"
      "@babel/plugin-transform-for-of" "^7.27.1"
      "@babel/plugin-transform-function-name" "^7.27.1"
      "@babel/plugin-transform-json-strings" "^7.27.1"
      "@babel/plugin-transform-literals" "^7.27.1"
      "@babel/plugin-transform-logical-assignment-operators" "^7.27.1"
      "@babel/plugin-transform-member-expression-literals" "^7.27.1"
      "@babel/plugin-transform-modules-amd" "^7.27.1"
      "@babel/plugin-transform-modules-commonjs" "^7.27.1"
      "@babel/plugin-transform-modules-systemjs" "^7.27.1"
      "@babel/plugin-transform-modules-umd" "^7.27.1"
      "@babel/plugin-transform-named-capturing-groups-regex" "^7.27.1"
      "@babel/plugin-transform-new-target" "^7.27.1"
      "@babel/plugin-transform-nullish-coalescing-operator" "^7.27.1"
      "@babel/plugin-transform-numeric-separator" "^7.27.1"
      "@babel/plugin-transform-object-rest-spread" "^7.28.0"
      "@babel/plugin-transform-object-super" "^7.27.1"
      "@babel/plugin-transform-optional-catch-binding" "^7.27.1"
      "@babel/plugin-transform-optional-chaining" "^7.27.1"
      "@babel/plugin-transform-parameters" "^7.27.7"
      "@babel/plugin-transform-private-methods" "^7.27.1"
      "@babel/plugin-transform-private-property-in-object" "^7.27.1"
      "@babel/plugin-transform-property-literals" "^7.27.1"
      "@babel/plugin-transform-regenerator" "^7.28.0"
      "@babel/plugin-transform-regexp-modifiers" "^7.27.1"
      "@babel/plugin-transform-reserved-words" "^7.27.1"
      "@babel/plugin-transform-shorthand-properties" "^7.27.1"
      "@babel/plugin-transform-spread" "^7.27.1"
      "@babel/plugin-transform-sticky-regex" "^7.27.1"
      "@babel/plugin-transform-template-literals" "^7.27.1"
      "@babel/plugin-transform-typeof-symbol" "^7.27.1"
      "@babel/plugin-transform-unicode-escapes" "^7.27.1"
      "@babel/plugin-transform-unicode-property-regex" "^7.27.1"
      "@babel/plugin-transform-unicode-regex" "^7.27.1"
      "@babel/plugin-transform-unicode-sets-regex" "^7.27.1"
      "@babel/preset-modules" "0.1.6-no-external-plugins"
      babel-plugin-polyfill-corejs2 "^0.4.14"
      babel-plugin-polyfill-corejs3 "^0.13.0"
      babel-plugin-polyfill-regenerator "^0.6.5"
      core-js-compat "^3.43.0"
      semver "^6.3.1"
  
  "@babel/preset-modules@0.1.6-no-external-plugins":
    version "0.1.6-no-external-plugins"
    dependencies:
      "@babel/helper-plugin-utils" "^7.0.0"
      "@babel/types" "^7.4.4"
      esutils "^2.0.2"
  
  "@babel/preset-react@^7.0.0":
    version "7.27.1"
    dependencies:
      "@babel/helper-plugin-utils" "^7.27.1"
      "@babel/helper-validator-option" "^7.27.1"
      "@babel/plugin-transform-react-display-name" "^7.27.1"
      "@babel/plugin-transform-react-jsx" "^7.27.1"
      "@babel/plugin-transform-react-jsx-development" "^7.27.1"
      "@babel/plugin-transform-react-pure-annotations" "^7.27.1"
  
  "@babel/preset-typescript@^7.27.1":
    version "7.27.1"
    dependencies:
      "@babel/helper-plugin-utils" "^7.27.1"
      "@babel/helper-validator-option" "^7.27.1"
      "@babel/plugin-syntax-jsx" "^7.27.1"
      "@babel/plugin-transform-modules-commonjs" "^7.27.1"
      "@babel/plugin-transform-typescript" "^7.27.1"
  
  "@babel/runtime@^7.10.0", "@babel/runtime@^7.11.2", "@babel/runtime@^7.12.5", "@babel/runtime@^7.15.4", "@babel/runtime@^7.18.3", "@babel/runtime@^7.24.7", "@babel/runtime@^7.25.7", "@babel/runtime@^7.26.0", "@babel/runtime@^7.27.1", "@babel/runtime@^7.27.6", "@babel/runtime@^7.3.1", "@babel/runtime@^7.5.5", "@babel/runtime@^7.6.3", "@babel/runtime@^7.8.3", "@babel/runtime@^7.8.7", "@babel/runtime@^7.9.2":
    version "7.27.6"
  
  "@babel/template@^7.27.1", "@babel/template@^7.27.2", "@babel/template@^7.3.3":
    version "7.27.2"
    dependencies:
      "@babel/code-frame" "^7.27.1"
      "@babel/parser" "^7.27.2"
      "@babel/types" "^7.27.1"
  
  "@babel/traverse@^7.27.1", "@babel/traverse@^7.27.3", "@babel/traverse@^7.28.0", "@babel/traverse@^7.7.2":
    version "7.28.0"
    dependencies:
      "@babel/code-frame" "^7.27.1"
      "@babel/generator" "^7.28.0"
      "@babel/helper-globals" "^7.28.0"
      "@babel/parser" "^7.28.0"
      "@babel/template" "^7.27.2"
      "@babel/types" "^7.28.0"
      debug "^4.3.1"
  
  "@babel/types@^7.0.0", "@babel/types@^7.20.7", "@babel/types@^7.27.1", "@babel/types@^7.27.3", "@babel/types@^7.27.6", "@babel/types@^7.28.0", "@babel/types@^7.3.3", "@babel/types@^7.4.4":
    version "7.28.0"
    dependencies:
      "@babel/helper-string-parser" "^7.27.1"
      "@babel/helper-validator-identifier" "^7.27.1"
  
  "@babel/types@7.15.0":
    version "7.15.0"
    dependencies:
      "@babel/helper-validator-identifier" "^7.14.9"
      to-fast-properties "^2.0.0"
  
  "@bcoe/v8-coverage@^0.2.3":
    version "0.2.3"
  
  "@date-io/core@^1.3.13":
    version "1.3.13"
    resolved "https://registry.npmjs.org/@date-io/core/-/core-1.3.13.tgz"
    integrity sha512-AlEKV7TxjeK+jxWVKcCFrfYAk8spX9aCyiToFIiLPtfQbsjmRGLIhb5VZgptQcJdHtLXo7+m0DuurwFgUToQuA==
  
  "@date-io/date-fns@1.3.13":
    version "1.3.13"
    resolved "https://registry.npmjs.org/@date-io/date-fns/-/date-fns-1.3.13.tgz"
    integrity sha512-yXxGzcRUPcogiMj58wVgFjc9qUYrCnnU9eLcyNbsQCmae4jPuZCDoIBR21j8ZURsM7GRtU62VOw5yNd4dDHunA==
    dependencies:
      "@date-io/core" "^1.3.13"
  
  "@dhis2-ui/alert@10.7.2":
    version "10.7.2"
    resolved "https://registry.npmjs.org/@dhis2-ui/alert/-/alert-10.7.2.tgz"
    integrity sha512-lxbtDIyNgJ5i6tXkJHja+6UjevZ7D0Ry/A83DjHQWsOfHwba/x6aR34MmR3gsW46El5IHoZJP6KY1csf2JG1HQ==
    dependencies:
      "@dhis2-ui/portal" "10.7.2"
      "@dhis2/prop-types" "^3.1.2"
      "@dhis2/ui-constants" "10.7.2"
      "@dhis2/ui-icons" "10.7.2"
      classnames "^2.3.1"
      prop-types "^15.7.2"
  
  "@dhis2-ui/alert@9.15.0":
    version "9.15.0"
    resolved "https://registry.npmjs.org/@dhis2-ui/alert/-/alert-9.15.0.tgz"
    integrity sha512-f4fzOoYOv2aYPbqGa4dlPNFoH5K9JEK7sJQdu2ZmJTpF3GvOGsUw7XCYzrwaV88JmaifZT2eoxcsF1kPJZL37Q==
    dependencies:
      "@dhis2-ui/portal" "9.15.0"
      "@dhis2/prop-types" "^3.1.2"
      "@dhis2/ui-constants" "9.15.0"
      "@dhis2/ui-icons" "9.15.0"
      classnames "^2.3.1"
      prop-types "^15.7.2"
  
  "@dhis2-ui/box@10.7.2":
    version "10.7.2"
    resolved "https://registry.npmjs.org/@dhis2-ui/box/-/box-10.7.2.tgz"
    integrity sha512-emc/2PQ4aPXPsNNLuEfH49agJ3xdNd23YK1ppsALsLW5mk6o5LrrMmC1X0NGydOPjHiCncmRkg9iUj1XE02Jow==
    dependencies:
      "@dhis2/prop-types" "^3.1.2"
      "@dhis2/ui-constants" "10.7.2"
      classnames "^2.3.1"
      prop-types "^15.7.2"
  
  "@dhis2-ui/box@9.15.0":
    version "9.15.0"
    resolved "https://registry.npmjs.org/@dhis2-ui/box/-/box-9.15.0.tgz"
    integrity sha512-xdDMc/odory9Dq8RKisFk5WCoPocDSvuuh9iQt6grzA74TQzIQsGvb/dNZd54rSngIIBIFFyvIrJi+O7NqqxqQ==
    dependencies:
      "@dhis2/prop-types" "^3.1.2"
      "@dhis2/ui-constants" "9.15.0"
      classnames "^2.3.1"
      prop-types "^15.7.2"
  
  "@dhis2-ui/button@10.7.1":
    version "10.7.1"
    resolved "https://registry.npmjs.org/@dhis2-ui/button/-/button-10.7.1.tgz"
    integrity sha512-FEJQAUXUvo0imeglhgXAfYLBuEyh8UY9ompmPKZVS5srrgUhbmBd/m4M+i5KfDFAvdTOXZ9LKSwhUn1H/RlgsQ==
    dependencies:
      "@dhis2-ui/layer" "10.7.1"
      "@dhis2-ui/loader" "10.7.1"
      "@dhis2-ui/popper" "10.7.1"
      "@dhis2/prop-types" "^3.1.2"
      "@dhis2/ui-constants" "10.7.1"
      "@dhis2/ui-icons" "10.7.1"
      classnames "^2.3.1"
      prop-types "^15.7.2"
  
  "@dhis2-ui/button@10.7.2":
    version "10.7.2"
    resolved "https://registry.npmjs.org/@dhis2-ui/button/-/button-10.7.2.tgz"
    integrity sha512-oTyKb/xA7h/lApo6gXU+/sOMye1yP0OhvbrHMEyYGXcBpw0qVl8B5j5cO0PlwollSxUcG7a8C5AVUp9I4Cmt0w==
    dependencies:
      "@dhis2-ui/layer" "10.7.2"
      "@dhis2-ui/loader" "10.7.2"
      "@dhis2-ui/popper" "10.7.2"
      "@dhis2/prop-types" "^3.1.2"
      "@dhis2/ui-constants" "10.7.2"
      "@dhis2/ui-icons" "10.7.2"
      classnames "^2.3.1"
      prop-types "^15.7.2"
  
  "@dhis2-ui/button@9.15.0":
    version "9.15.0"
    resolved "https://registry.npmjs.org/@dhis2-ui/button/-/button-9.15.0.tgz"
    integrity sha512-S3ZKmAOMynkUb/di0SuEotJsEJ/p9C8AbwjbZExIC+LLyQsAa983RSKRLOOTeDgsdBGpdTlS9Y+gY2DI2xfMCQ==
    dependencies:
      "@dhis2-ui/layer" "9.15.0"
      "@dhis2-ui/loader" "9.15.0"
      "@dhis2-ui/popper" "9.15.0"
      "@dhis2/prop-types" "^3.1.2"
      "@dhis2/ui-constants" "9.15.0"
      "@dhis2/ui-icons" "9.15.0"
      classnames "^2.3.1"
      prop-types "^15.7.2"
  
  "@dhis2-ui/calendar@10.7.2":
    version "10.7.2"
    resolved "https://registry.npmjs.org/@dhis2-ui/calendar/-/calendar-10.7.2.tgz"
    integrity sha512-m0H/uOm/cLa6UvwA1vPbafTVUH4Rgmm5ZpFsZ4w+ptm2y5+HKjrXPOpWqppX/39XkNaGLhEpj/P+Yn/3+dMobg==
    dependencies:
      "@dhis2-ui/button" "10.7.2"
      "@dhis2-ui/card" "10.7.2"
      "@dhis2-ui/input" "10.7.2"
      "@dhis2-ui/layer" "10.7.2"
      "@dhis2-ui/popper" "10.7.2"
      "@dhis2/multi-calendar-dates" "2.1.0"
      "@dhis2/prop-types" "^3.1.2"
      "@dhis2/ui-constants" "10.7.2"
      "@dhis2/ui-icons" "10.7.2"
      classnames "^2.3.1"
      prop-types "^15.7.2"
  
  "@dhis2-ui/calendar@9.15.0":
    version "9.15.0"
    resolved "https://registry.npmjs.org/@dhis2-ui/calendar/-/calendar-9.15.0.tgz"
    integrity sha512-aQZWSTKlCbHTMTLG14nvMK6yF9jSKr6l4QhZ6n9zBYIzVmbkO7ig3KoSyM7vc9v+o2ItytAnp99oUSs0H8TdpA==
    dependencies:
      "@dhis2-ui/button" "9.15.0"
      "@dhis2-ui/card" "9.15.0"
      "@dhis2-ui/input" "9.15.0"
      "@dhis2-ui/layer" "9.15.0"
      "@dhis2-ui/popper" "9.15.0"
      "@dhis2/multi-calendar-dates" "^1.2.3"
      "@dhis2/prop-types" "^3.1.2"
      "@dhis2/ui-constants" "9.15.0"
      "@dhis2/ui-icons" "9.15.0"
      classnames "^2.3.1"
      prop-types "^15.7.2"
  
  "@dhis2-ui/card@10.7.1":
    version "10.7.1"
    resolved "https://registry.npmjs.org/@dhis2-ui/card/-/card-10.7.1.tgz"
    integrity sha512-mJoC2+gDOXUmO+rGcZcKHofPP3AZZKkU9/OpLpF68qCkTKSn25QjHAy1MardgS4Hf6IPz5LiAvAmW5eHSq7ocg==
    dependencies:
      "@dhis2/prop-types" "^3.1.2"
      "@dhis2/ui-constants" "10.7.1"
      classnames "^2.3.1"
      prop-types "^15.7.2"
  
  "@dhis2-ui/card@10.7.2":
    version "10.7.2"
    resolved "https://registry.npmjs.org/@dhis2-ui/card/-/card-10.7.2.tgz"
    integrity sha512-4NXOb0neyBzYUWPjC/oxhkPTZh3MmvUnBCgO1gqNkYZBoNHTdJkkNh/dRXQdhdS2VLmQ7gaqa5syqPjYo9v+gg==
    dependencies:
      "@dhis2/prop-types" "^3.1.2"
      "@dhis2/ui-constants" "10.7.2"
      classnames "^2.3.1"
      prop-types "^15.7.2"
  
  "@dhis2-ui/card@9.15.0":
    version "9.15.0"
    resolved "https://registry.npmjs.org/@dhis2-ui/card/-/card-9.15.0.tgz"
    integrity sha512-u4hlRn5DfSWFRaak1dD3z9XWHRBv97lVv6euFEnzIrWB42WzNaQ4pjgHy3hZd0LhqL7uhgV7fPH0s5RL2m5Y2w==
    dependencies:
      "@dhis2/prop-types" "^3.1.2"
      "@dhis2/ui-constants" "9.15.0"
      classnames "^2.3.1"
      prop-types "^15.7.2"
  
  "@dhis2-ui/center@10.7.2":
    version "10.7.2"
    resolved "https://registry.npmjs.org/@dhis2-ui/center/-/center-10.7.2.tgz"
    integrity sha512-oPQCXZSnUUB+c4VymFwvyU7ucutcsv2ORAu70Y74EolQ9M9ocbZ1Zrl83AGGxIfyHn577GG0gODuH9sMnJQEiw==
    dependencies:
      "@dhis2/prop-types" "^3.1.2"
      "@dhis2/ui-constants" "10.7.2"
      classnames "^2.3.1"
      prop-types "^15.7.2"
  
  "@dhis2-ui/center@9.15.0":
    version "9.15.0"
    resolved "https://registry.npmjs.org/@dhis2-ui/center/-/center-9.15.0.tgz"
    integrity sha512-J/AsElbvfvM3Ay8dAZLun9nWToEZgKAVlXEkMdrdirdLvTJ2706SXcRMc9josATW53BvU5aHhCzNDOeUn/xLWg==
    dependencies:
      "@dhis2/prop-types" "^3.1.2"
      "@dhis2/ui-constants" "9.15.0"
      classnames "^2.3.1"
      prop-types "^15.7.2"
  
  "@dhis2-ui/checkbox@10.7.2":
    version "10.7.2"
    resolved "https://registry.npmjs.org/@dhis2-ui/checkbox/-/checkbox-10.7.2.tgz"
    integrity sha512-v3ZKqMw1JjYOk3LSFgSUHukqP/e4gPkxoF0wc7pUSQolnPZKpxqJnaLZWKSmu3eKuO6fh4mMUFdBdRzFweuxYA==
    dependencies:
      "@dhis2-ui/field" "10.7.2"
      "@dhis2-ui/required" "10.7.2"
      "@dhis2/prop-types" "^3.1.2"
      "@dhis2/ui-constants" "10.7.2"
      classnames "^2.3.1"
      prop-types "^15.7.2"
  
  "@dhis2-ui/checkbox@9.15.0":
    version "9.15.0"
    resolved "https://registry.npmjs.org/@dhis2-ui/checkbox/-/checkbox-9.15.0.tgz"
    integrity sha512-ub6OaF6TB1yFxYMJbn2DET1XZwwAHJ9RWzXVtRvvu0iVv7+npd+TUbF+AB78R09eIyV8HFKpl4aQDKZlS4Zbjg==
    dependencies:
      "@dhis2-ui/field" "9.15.0"
      "@dhis2-ui/required" "9.15.0"
      "@dhis2/prop-types" "^3.1.2"
      "@dhis2/ui-constants" "9.15.0"
      classnames "^2.3.1"
      prop-types "^15.7.2"
  
  "@dhis2-ui/chip@10.7.2":
    version "10.7.2"
    resolved "https://registry.npmjs.org/@dhis2-ui/chip/-/chip-10.7.2.tgz"
    integrity sha512-JjKjFu3NdGvVu+UzqQiuGcNHd2DxaMvNz6m5akzR3A7jlP8/YVh3lU8Gq79KxRDfgOnPID4d3Duz4Du8yql58w==
    dependencies:
      "@dhis2/prop-types" "^3.1.2"
      "@dhis2/ui-constants" "10.7.2"
      classnames "^2.3.1"
      prop-types "^15.7.2"
  
  "@dhis2-ui/chip@9.15.0":
    version "9.15.0"
    resolved "https://registry.npmjs.org/@dhis2-ui/chip/-/chip-9.15.0.tgz"
    integrity sha512-JndlllyW9U9ZGw15i5KKL2O/db4x9td3pfU+6GHmxGnh9vlCbpLkTw0swB71R+ywtYj8xP5Tn1KjODQkkDWsZA==
    dependencies:
      "@dhis2/prop-types" "^3.1.2"
      "@dhis2/ui-constants" "9.15.0"
      classnames "^2.3.1"
      prop-types "^15.7.2"
  
  "@dhis2-ui/cover@10.7.2":
    version "10.7.2"
    resolved "https://registry.npmjs.org/@dhis2-ui/cover/-/cover-10.7.2.tgz"
    integrity sha512-+7ue5nvJQF5UlzvBgXSynIW7XFylfL8mVzGcXmsOHF5JkWCCj9wsiKsSVkP4IoqbaCK+3mXPrFp1pFZ51/dMLg==
    dependencies:
      "@dhis2/prop-types" "^3.1.2"
      "@dhis2/ui-constants" "10.7.2"
      classnames "^2.3.1"
      prop-types "^15.7.2"
  
  "@dhis2-ui/cover@9.15.0":
    version "9.15.0"
    resolved "https://registry.npmjs.org/@dhis2-ui/cover/-/cover-9.15.0.tgz"
    integrity sha512-pXmL7CohA10Ox1z0f2ggoDpAZiUQZEl6LU59QCnJE0HRn7ekkOfbDV6y2MnCzNw8L2rmpLf795A+BUmVhCw1dg==
    dependencies:
      "@dhis2/prop-types" "^3.1.2"
      "@dhis2/ui-constants" "9.15.0"
      classnames "^2.3.1"
      prop-types "^15.7.2"
  
  "@dhis2-ui/css@10.7.2":
    version "10.7.2"
    resolved "https://registry.npmjs.org/@dhis2-ui/css/-/css-10.7.2.tgz"
    integrity sha512-3yM4wORQpZtK9H6NA2iwntTh5yQa7vsuCytKTgbDSgJSPPUEHEcFYO225HLfuAdQZsS7TmX2VM0Q8u+ApJajtA==
    dependencies:
      "@dhis2/prop-types" "^3.1.2"
      "@dhis2/ui-constants" "10.7.2"
      classnames "^2.3.1"
      prop-types "^15.7.2"
  
  "@dhis2-ui/css@9.15.0":
    version "9.15.0"
    resolved "https://registry.npmjs.org/@dhis2-ui/css/-/css-9.15.0.tgz"
    integrity sha512-O8o8IraOo2/TS0LAXuwrnDoSsivnM0tvO7u9PTr3E4N/w9NR5kVVxHoFaq1VgssAPdV533CEBtYTkYa1DGRwMw==
    dependencies:
      "@dhis2/prop-types" "^3.1.2"
      "@dhis2/ui-constants" "9.15.0"
      classnames "^2.3.1"
      prop-types "^15.7.2"
  
  "@dhis2-ui/divider@10.7.2":
    version "10.7.2"
    resolved "https://registry.npmjs.org/@dhis2-ui/divider/-/divider-10.7.2.tgz"
    integrity sha512-jnJR2n0pnvLYmFN8HCRSaW1arbJoJkcNg9Qtc4bzs8N1Lxtj9lDfGLTzuMmpHAs53l5E8vHXjYG5IcMaMbBIqw==
    dependencies:
      "@dhis2/prop-types" "^3.1.2"
      "@dhis2/ui-constants" "10.7.2"
      classnames "^2.3.1"
      prop-types "^15.7.2"
  
  "@dhis2-ui/divider@9.15.0":
    version "9.15.0"
    resolved "https://registry.npmjs.org/@dhis2-ui/divider/-/divider-9.15.0.tgz"
    integrity sha512-dCsstvstZzeuvVWlxcUvkJpXV3AQpf7PIwDNoVRgT3+rll8BDtfsdNjd2B49fl+cIEOaT9r4bexfq+Tl0hwCew==
    dependencies:
      "@dhis2/prop-types" "^3.1.2"
      "@dhis2/ui-constants" "9.15.0"
      classnames "^2.3.1"
      prop-types "^15.7.2"
  
  "@dhis2-ui/field@10.7.2":
    version "10.7.2"
    resolved "https://registry.npmjs.org/@dhis2-ui/field/-/field-10.7.2.tgz"
    integrity sha512-xioFmXxC2laLAmLKvu+Q47ZCwalYXRX4sjAmMVEg8gP6eBQ2kISNZLxIqNs1QMxTlWlPm6DKhO+QkqLEtLL5Lg==
    dependencies:
      "@dhis2-ui/box" "10.7.2"
      "@dhis2-ui/help" "10.7.2"
      "@dhis2-ui/label" "10.7.2"
      "@dhis2/prop-types" "^3.1.2"
      "@dhis2/ui-constants" "10.7.2"
      classnames "^2.3.1"
      prop-types "^15.7.2"
  
  "@dhis2-ui/field@9.15.0":
    version "9.15.0"
    resolved "https://registry.npmjs.org/@dhis2-ui/field/-/field-9.15.0.tgz"
    integrity sha512-TUh4ZBGUk8LJXZKmzwF7G/wK80NcIfFTxNlfpHEqToHAAW7amZu7H6wIleWBSZcDlEflBEok3KgdnLfRJsdQyw==
    dependencies:
      "@dhis2-ui/box" "9.15.0"
      "@dhis2-ui/help" "9.15.0"
      "@dhis2-ui/label" "9.15.0"
      "@dhis2/prop-types" "^3.1.2"
      "@dhis2/ui-constants" "9.15.0"
      classnames "^2.3.1"
      prop-types "^15.7.2"
  
  "@dhis2-ui/file-input@10.7.2":
    version "10.7.2"
    resolved "https://registry.npmjs.org/@dhis2-ui/file-input/-/file-input-10.7.2.tgz"
    integrity sha512-kcnrnWzTDeyrOT/Le0LvG6w/xYIe0QjF3vmXuUcjr/LllnwsGy5G2p8ckbF+P3qdTYEMygxXSDJgdwmZQkP4lg==
    dependencies:
      "@dhis2-ui/button" "10.7.2"
      "@dhis2-ui/field" "10.7.2"
      "@dhis2-ui/label" "10.7.2"
      "@dhis2-ui/loader" "10.7.2"
      "@dhis2-ui/status-icon" "10.7.2"
      "@dhis2/prop-types" "^3.1.2"
      "@dhis2/ui-constants" "10.7.2"
      "@dhis2/ui-icons" "10.7.2"
      classnames "^2.3.1"
      prop-types "^15.7.2"
  
  "@dhis2-ui/file-input@9.15.0":
    version "9.15.0"
    resolved "https://registry.npmjs.org/@dhis2-ui/file-input/-/file-input-9.15.0.tgz"
    integrity sha512-1jcI9gqJQgKR60GxUsbcWjLmsCjh3h2Ma80Q1wWOcZrCKzI92ZCQuJDqnLyJhnLjrbLUHDxznGRo86A3eF4Tmg==
    dependencies:
      "@dhis2-ui/button" "9.15.0"
      "@dhis2-ui/field" "9.15.0"
      "@dhis2-ui/label" "9.15.0"
      "@dhis2-ui/loader" "9.15.0"
      "@dhis2-ui/status-icon" "9.15.0"
      "@dhis2/prop-types" "^3.1.2"
      "@dhis2/ui-constants" "9.15.0"
      "@dhis2/ui-icons" "9.15.0"
      classnames "^2.3.1"
      prop-types "^15.7.2"
  
  "@dhis2-ui/header-bar@10.7.2":
    version "10.7.2"
    resolved "https://registry.npmjs.org/@dhis2-ui/header-bar/-/header-bar-10.7.2.tgz"
    integrity sha512-Tnm8X/Tc3XODrcscOOsOA3WaxncxTo3qerVM6dpXynI/bitMIirud2RIsYmxtpnsbWYSgRx3jffXMP25xMrIDA==
    dependencies:
      "@dhis2-ui/box" "10.7.2"
      "@dhis2-ui/button" "10.7.2"
      "@dhis2-ui/card" "10.7.2"
      "@dhis2-ui/center" "10.7.2"
      "@dhis2-ui/divider" "10.7.2"
      "@dhis2-ui/input" "10.7.2"
      "@dhis2-ui/layer" "10.7.2"
      "@dhis2-ui/loader" "10.7.2"
      "@dhis2-ui/logo" "10.7.2"
      "@dhis2-ui/menu" "10.7.2"
      "@dhis2-ui/modal" "10.7.2"
      "@dhis2-ui/user-avatar" "10.7.2"
      "@dhis2/prop-types" "^3.1.2"
      "@dhis2/ui-constants" "10.7.2"
      "@dhis2/ui-icons" "10.7.2"
      classnames "^2.3.1"
      moment "^2.29.1"
      prop-types "^15.7.2"
  
  "@dhis2-ui/header-bar@9.15.0":
    version "9.15.0"
    resolved "https://registry.npmjs.org/@dhis2-ui/header-bar/-/header-bar-9.15.0.tgz"
    integrity sha512-3RK5Xh93dosVx9+n1Uw/QdbGlcziXa3JtQsBWHfs3K857R0QwKnzbk45rKmFBxhvITNkz9oIwBvy1sKw5T4/bw==
    dependencies:
      "@dhis2-ui/box" "9.15.0"
      "@dhis2-ui/button" "9.15.0"
      "@dhis2-ui/card" "9.15.0"
      "@dhis2-ui/center" "9.15.0"
      "@dhis2-ui/divider" "9.15.0"
      "@dhis2-ui/input" "9.15.0"
      "@dhis2-ui/layer" "9.15.0"
      "@dhis2-ui/loader" "9.15.0"
      "@dhis2-ui/logo" "9.15.0"
      "@dhis2-ui/menu" "9.15.0"
      "@dhis2-ui/modal" "9.15.0"
      "@dhis2-ui/user-avatar" "9.15.0"
      "@dhis2/prop-types" "^3.1.2"
      "@dhis2/ui-constants" "9.15.0"
      "@dhis2/ui-icons" "9.15.0"
      classnames "^2.3.1"
      moment "^2.29.1"
      prop-types "^15.7.2"
  
  "@dhis2-ui/help@10.7.2":
    version "10.7.2"
    resolved "https://registry.npmjs.org/@dhis2-ui/help/-/help-10.7.2.tgz"
    integrity sha512-efe792dP7L/r3pywFfbNqYthII/wZLsNTXa6Yatj8sLAiXh7XJo/bB6xpDjLZkyLP3fsW22kcjv5+ScxO27aOw==
    dependencies:
      "@dhis2/prop-types" "^3.1.2"
      "@dhis2/ui-constants" "10.7.2"
      classnames "^2.3.1"
      prop-types "^15.7.2"
  
  "@dhis2-ui/help@9.15.0":
    version "9.15.0"
    resolved "https://registry.npmjs.org/@dhis2-ui/help/-/help-9.15.0.tgz"
    integrity sha512-GP5vfIshDX6dr3Ers3KupEYJvZP52q6ofYSecG1ffFZ64KvWdjWxX3T1TYoNHCKL/wO3PsAhUkt+XkexUk7+1A==
    dependencies:
      "@dhis2/prop-types" "^3.1.2"
      "@dhis2/ui-constants" "9.15.0"
      classnames "^2.3.1"
      prop-types "^15.7.2"
  
  "@dhis2-ui/input@10.7.2":
    version "10.7.2"
    resolved "https://registry.npmjs.org/@dhis2-ui/input/-/input-10.7.2.tgz"
    integrity sha512-QpCbM/qd62yE6ewIqhzqQJXDNXgyvU/qeXlVJ9yJ6+WKBt47Zy5kCxfgSArwjyoGb4AYUVmn1mUSGFheTS47AA==
    dependencies:
      "@dhis2-ui/box" "10.7.2"
      "@dhis2-ui/field" "10.7.2"
      "@dhis2-ui/input" "10.7.2"
      "@dhis2-ui/loader" "10.7.2"
      "@dhis2-ui/status-icon" "10.7.2"
      "@dhis2/prop-types" "^3.1.2"
      "@dhis2/ui-constants" "10.7.2"
      "@dhis2/ui-icons" "10.7.2"
      classnames "^2.3.1"
      prop-types "^15.7.2"
  
  "@dhis2-ui/input@9.15.0":
    version "9.15.0"
    resolved "https://registry.npmjs.org/@dhis2-ui/input/-/input-9.15.0.tgz"
    integrity sha512-mTDpPeMwOoA/s2zPHm7IavfTTiZYMNV4LgPRpjI65XZkmUtnMnVBPgsLbHw2yS2k8AAhwk5OpZDNMtgVb+vhIQ==
    dependencies:
      "@dhis2-ui/box" "9.15.0"
      "@dhis2-ui/field" "9.15.0"
      "@dhis2-ui/input" "9.15.0"
      "@dhis2-ui/loader" "9.15.0"
      "@dhis2-ui/status-icon" "9.15.0"
      "@dhis2/prop-types" "^3.1.2"
      "@dhis2/ui-constants" "9.15.0"
      "@dhis2/ui-icons" "9.15.0"
      classnames "^2.3.1"
      prop-types "^15.7.2"
  
  "@dhis2-ui/intersection-detector@10.7.2":
    version "10.7.2"
    resolved "https://registry.npmjs.org/@dhis2-ui/intersection-detector/-/intersection-detector-10.7.2.tgz"
    integrity sha512-/4RYHGU5UoNHJrOzDY1MZRpbUa+8n2xFM1AN9U3SEcmS6w0QioiSn8x7dZIE1yNvpPEXCbvuW5Aa8WKoX5Ousw==
    dependencies:
      "@dhis2/prop-types" "^3.1.2"
      "@dhis2/ui-constants" "10.7.2"
      classnames "^2.3.1"
      prop-types "^15.7.2"
  
  "@dhis2-ui/intersection-detector@9.15.0":
    version "9.15.0"
    resolved "https://registry.npmjs.org/@dhis2-ui/intersection-detector/-/intersection-detector-9.15.0.tgz"
    integrity sha512-Keq38a3uOO2r3vEtolMmq1W6555STUOxld5xycqtSBSX4TjgPfGgbjB+vagV89C+8ygc9NCBZm66nCp9Ol0yRg==
    dependencies:
      "@dhis2/prop-types" "^3.1.2"
      "@dhis2/ui-constants" "9.15.0"
      classnames "^2.3.1"
      prop-types "^15.7.2"
  
  "@dhis2-ui/label@10.7.2":
    version "10.7.2"
    resolved "https://registry.npmjs.org/@dhis2-ui/label/-/label-10.7.2.tgz"
    integrity sha512-CAvkQnLrFKPQ5URQeY45oPWHrKeVYwwDjkSP2Il4ukzu6q0+3JwZJGqFFTPpzcZl98mhFHBt5q+L+rNnHecwcQ==
    dependencies:
      "@dhis2-ui/required" "10.7.2"
      "@dhis2/prop-types" "^3.1.2"
      "@dhis2/ui-constants" "10.7.2"
      classnames "^2.3.1"
      prop-types "^15.7.2"
  
  "@dhis2-ui/label@9.15.0":
    version "9.15.0"
    resolved "https://registry.npmjs.org/@dhis2-ui/label/-/label-9.15.0.tgz"
    integrity sha512-0ePy3Qz/3vs6pnFEsoZ9d54FkXtDCVCeMUFGC8Ca/EHTOvv2xXX+TvRIAZax6kE3SAExdFmnCTjEKzbSeGEZ4w==
    dependencies:
      "@dhis2-ui/required" "9.15.0"
      "@dhis2/prop-types" "^3.1.2"
      "@dhis2/ui-constants" "9.15.0"
      classnames "^2.3.1"
      prop-types "^15.7.2"
  
  "@dhis2-ui/layer@10.7.1":
    version "10.7.1"
    resolved "https://registry.npmjs.org/@dhis2-ui/layer/-/layer-10.7.1.tgz"
    integrity sha512-xqNQarLdVO0Ev5EMJc0KCCB+1EYGWhbmALOxosPdNT/UYeegUNzZH1CgZxm+uSDL+QoHzvGe+CCLepTNwBv5dg==
    dependencies:
      "@dhis2-ui/portal" "10.7.1"
      "@dhis2/prop-types" "^3.1.2"
      "@dhis2/ui-constants" "10.7.1"
      classnames "^2.3.1"
      prop-types "^15.7.2"
  
  "@dhis2-ui/layer@10.7.2":
    version "10.7.2"
    resolved "https://registry.npmjs.org/@dhis2-ui/layer/-/layer-10.7.2.tgz"
    integrity sha512-xEUBUWdhCC75LND88ePBQPb4fAW9trIjEktp3uFDOd7Coial/KQu3as1a3oGGPhJCjOTDNzzeVCmwpOY3DerQQ==
    dependencies:
      "@dhis2-ui/portal" "10.7.2"
      "@dhis2/prop-types" "^3.1.2"
      "@dhis2/ui-constants" "10.7.2"
      classnames "^2.3.1"
      prop-types "^15.7.2"
  
  "@dhis2-ui/layer@9.15.0":
    version "9.15.0"
    resolved "https://registry.npmjs.org/@dhis2-ui/layer/-/layer-9.15.0.tgz"
    integrity sha512-7OWUlFw4obFPGvp1YXvY6fZNXOXClab1WcPsLwXQJEW134fW1AInEmSn6i5XYchP/r4dp1NlAXP1uDhgVmKOGw==
    dependencies:
      "@dhis2-ui/portal" "9.15.0"
      "@dhis2/prop-types" "^3.1.2"
      "@dhis2/ui-constants" "9.15.0"
      classnames "^2.3.1"
      prop-types "^15.7.2"
  
  "@dhis2-ui/legend@10.7.2":
    version "10.7.2"
    resolved "https://registry.npmjs.org/@dhis2-ui/legend/-/legend-10.7.2.tgz"
    integrity sha512-+2RvGxEAUaeqiA/0vZihRBdzRT5JT/ooDrlgLrE12viY4lSntbxy8qdWyuDRNOpkbdrQXs/VaEprLZhEVefR1g==
    dependencies:
      "@dhis2-ui/required" "10.7.2"
      "@dhis2/prop-types" "^3.1.2"
      "@dhis2/ui-constants" "10.7.2"
      classnames "^2.3.1"
      prop-types "^15.7.2"
  
  "@dhis2-ui/legend@9.15.0":
    version "9.15.0"
    resolved "https://registry.npmjs.org/@dhis2-ui/legend/-/legend-9.15.0.tgz"
    integrity sha512-xXznFkvBvfS0z/lZEQLaqBJNmop3ZUz7cpsn5FZaoPdyNSU4osf8cqGc+d7wX0OxyHh5LAvxbzJ3R0QWQ7JTyw==
    dependencies:
      "@dhis2-ui/required" "9.15.0"
      "@dhis2/prop-types" "^3.1.2"
      "@dhis2/ui-constants" "9.15.0"
      classnames "^2.3.1"
      prop-types "^15.7.2"
  
  "@dhis2-ui/loader@10.7.1":
    version "10.7.1"
    resolved "https://registry.npmjs.org/@dhis2-ui/loader/-/loader-10.7.1.tgz"
    integrity sha512-G7S76eNRhkZjsKh0BSGyexj0aATezAi5y1/ZKFCeG2HI6bnO2rEp4pxGnek4l6SIMprSXXNpNl63i5PJJ9RXnA==
    dependencies:
      "@dhis2/prop-types" "^3.1.2"
      "@dhis2/ui-constants" "10.7.1"
      classnames "^2.3.1"
      prop-types "^15.7.2"
  
  "@dhis2-ui/loader@10.7.2":
    version "10.7.2"
    resolved "https://registry.npmjs.org/@dhis2-ui/loader/-/loader-10.7.2.tgz"
    integrity sha512-z8Dd/AeYOG0tp/oWj/CaDyxKWlMKiGQqMuf7yLxIB84upFCPDO2g2QB+8YLPK7xbkH8t2JlG7hoxolfYeCSqwg==
    dependencies:
      "@dhis2/prop-types" "^3.1.2"
      "@dhis2/ui-constants" "10.7.2"
      classnames "^2.3.1"
      prop-types "^15.7.2"
  
  "@dhis2-ui/loader@9.15.0":
    version "9.15.0"
    resolved "https://registry.npmjs.org/@dhis2-ui/loader/-/loader-9.15.0.tgz"
    integrity sha512-lHpZSDUaeBaM34+BBXsFrDizvgok2O6GM26YcCVDlmjT0SsOHrAivkJRMnYwy9NY70o98MaJ71ESlPlZjYvk4g==
    dependencies:
      "@dhis2/prop-types" "^3.1.2"
      "@dhis2/ui-constants" "9.15.0"
      classnames "^2.3.1"
      prop-types "^15.7.2"
  
  "@dhis2-ui/logo@10.7.2":
    version "10.7.2"
    resolved "https://registry.npmjs.org/@dhis2-ui/logo/-/logo-10.7.2.tgz"
    integrity sha512-SpF+U0amW7iUTuHQpbajI8oykIuecwUR6hmg1HRib5rGAe+FTsKuqg9VQs5Iuqrqh2LgwTWbuM/z2Muklhe86Q==
    dependencies:
      "@dhis2/prop-types" "^3.1.2"
      "@dhis2/ui-constants" "10.7.2"
      classnames "^2.3.1"
      prop-types "^15.7.2"
  
  "@dhis2-ui/logo@9.15.0":
    version "9.15.0"
    resolved "https://registry.npmjs.org/@dhis2-ui/logo/-/logo-9.15.0.tgz"
    integrity sha512-tJ51Z/7zzpH9Vknb0V3jBdTDBfIbmrf5iu4aR62aehXq4E48HTe+K5AlQKUmJ4HtvjytYd1sBu1mU2DLFjYvNw==
    dependencies:
      "@dhis2/prop-types" "^3.1.2"
      "@dhis2/ui-constants" "9.15.0"
      classnames "^2.3.1"
      prop-types "^15.7.2"
  
  "@dhis2-ui/menu@10.7.2":
    version "10.7.2"
    resolved "https://registry.npmjs.org/@dhis2-ui/menu/-/menu-10.7.2.tgz"
    integrity sha512-TmWc7ohLJPpHh0jCeZSBM6v/0Ewjf/hR3/rDWL2YP2yAxlVWEctarTrOln506jWrHpOQhTftol7O8ahA9xFXCA==
    dependencies:
      "@dhis2-ui/card" "10.7.2"
      "@dhis2-ui/divider" "10.7.2"
      "@dhis2-ui/layer" "10.7.2"
      "@dhis2-ui/popper" "10.7.2"
      "@dhis2-ui/portal" "10.7.2"
      "@dhis2/prop-types" "^3.1.2"
      "@dhis2/ui-constants" "10.7.2"
      "@dhis2/ui-icons" "10.7.2"
      classnames "^2.3.1"
      prop-types "^15.7.2"
  
  "@dhis2-ui/menu@9.15.0":
    version "9.15.0"
    resolved "https://registry.npmjs.org/@dhis2-ui/menu/-/menu-9.15.0.tgz"
    integrity sha512-NZj91MQnZhhOds7tfQaltb+zlfU4GPrVvLptQOcDPLgj6Y2O2XxZWQUKOQQ+ZQK/BBd16Y60ucwpZM1uKq15eQ==
    dependencies:
      "@dhis2-ui/card" "9.15.0"
      "@dhis2-ui/divider" "9.15.0"
      "@dhis2-ui/layer" "9.15.0"
      "@dhis2-ui/popper" "9.15.0"
      "@dhis2-ui/portal" "9.15.0"
      "@dhis2/prop-types" "^3.1.2"
      "@dhis2/ui-constants" "9.15.0"
      "@dhis2/ui-icons" "9.15.0"
      classnames "^2.3.1"
      prop-types "^15.7.2"
  
  "@dhis2-ui/modal@10.7.2":
    version "10.7.2"
    resolved "https://registry.npmjs.org/@dhis2-ui/modal/-/modal-10.7.2.tgz"
    integrity sha512-5HRYKaGkHUufQEHtwjuTwnZp9vhGqndCR2qFLwsCQhJv84oNy1uxxiSXjOfSONaAx0+O3nHUG+A6G8AETvC58A==
    dependencies:
      "@dhis2-ui/card" "10.7.2"
      "@dhis2-ui/center" "10.7.2"
      "@dhis2-ui/layer" "10.7.2"
      "@dhis2-ui/portal" "10.7.2"
      "@dhis2/prop-types" "^3.1.2"
      "@dhis2/ui-constants" "10.7.2"
      "@dhis2/ui-icons" "10.7.2"
      classnames "^2.3.1"
      prop-types "^15.7.2"
  
  "@dhis2-ui/modal@9.15.0":
    version "9.15.0"
    resolved "https://registry.npmjs.org/@dhis2-ui/modal/-/modal-9.15.0.tgz"
    integrity sha512-2nwZ81B9bz/DguG6FRb/1H+HX5STnf+d/i48VQQKEwuAsiQImbiquvm5qPXN0VWwLMJ/ba9JdaMPTG3OM9MeGA==
    dependencies:
      "@dhis2-ui/card" "9.15.0"
      "@dhis2-ui/center" "9.15.0"
      "@dhis2-ui/layer" "9.15.0"
      "@dhis2-ui/portal" "9.15.0"
      "@dhis2/prop-types" "^3.1.2"
      "@dhis2/ui-constants" "9.15.0"
      "@dhis2/ui-icons" "9.15.0"
      classnames "^2.3.1"
      prop-types "^15.7.2"
  
  "@dhis2-ui/node@10.7.2":
    version "10.7.2"
    resolved "https://registry.npmjs.org/@dhis2-ui/node/-/node-10.7.2.tgz"
    integrity sha512-Zok/DP7z6/Gy937z7SeWZMfK1Oa2PMSXouqej82qkdMli/TiEO6XIfPSmzG4mPdSb1cbT/x3EIXgAoz8n88dtw==
    dependencies:
      "@dhis2-ui/loader" "10.7.2"
      "@dhis2/prop-types" "^3.1.2"
      "@dhis2/ui-constants" "10.7.2"
      classnames "^2.3.1"
      prop-types "^15.7.2"
  
  "@dhis2-ui/node@9.15.0":
    version "9.15.0"
    resolved "https://registry.npmjs.org/@dhis2-ui/node/-/node-9.15.0.tgz"
    integrity sha512-4jwtQ/kSw6iCTV/hKzFKSeC2mZ+Y5M26BIDLdwSBml85ww5xJKnUCi18hQ/bNsU1cHQZGUqcSl0fO9Y1PAwpKA==
    dependencies:
      "@dhis2-ui/loader" "9.15.0"
      "@dhis2/prop-types" "^3.1.2"
      "@dhis2/ui-constants" "9.15.0"
      classnames "^2.3.1"
      prop-types "^15.7.2"
  
  "@dhis2-ui/notice-box@10.7.2":
    version "10.7.2"
    resolved "https://registry.npmjs.org/@dhis2-ui/notice-box/-/notice-box-10.7.2.tgz"
    integrity sha512-L7Y0ccNo1iX6GQmYdwql7WR7aDRA+tLakAyf6EEiAXsjn0THqzsVq2j1UhTC3hc4qnl1EUWgwlaBH7QNrwHesQ==
    dependencies:
      "@dhis2/prop-types" "^3.1.2"
      "@dhis2/ui-constants" "10.7.2"
      "@dhis2/ui-icons" "10.7.2"
      classnames "^2.3.1"
      prop-types "^15.7.2"
  
  "@dhis2-ui/notice-box@9.15.0":
    version "9.15.0"
    resolved "https://registry.npmjs.org/@dhis2-ui/notice-box/-/notice-box-9.15.0.tgz"
    integrity sha512-+tSxHSWqwb5g3QuxVXK+Dnli138/Ra6Q+EUHjuT7YUw3kOkuqMwd9tkDP2MwkS67X1TUILFOkPx1nvE4d6hMpA==
    dependencies:
      "@dhis2/prop-types" "^3.1.2"
      "@dhis2/ui-constants" "9.15.0"
      "@dhis2/ui-icons" "9.15.0"
      classnames "^2.3.1"
      prop-types "^15.7.2"
  
  "@dhis2-ui/organisation-unit-tree@10.7.2":
    version "10.7.2"
    resolved "https://registry.npmjs.org/@dhis2-ui/organisation-unit-tree/-/organisation-unit-tree-10.7.2.tgz"
    integrity sha512-MJG5Stdit2CU55cJMHP5q3Gxr/0cdxPJ62ELahTDdhfdutRRqO7L3gcID0ksWv3SkVe3hnq0b8sPmjWieZp1Zw==
    dependencies:
      "@dhis2-ui/button" "10.7.2"
      "@dhis2-ui/checkbox" "10.7.2"
      "@dhis2-ui/loader" "10.7.2"
      "@dhis2-ui/node" "10.7.2"
      "@dhis2/prop-types" "^3.1.2"
      "@dhis2/ui-constants" "10.7.2"
      classnames "^2.3.1"
      prop-types "^15.7.2"
  
  "@dhis2-ui/organisation-unit-tree@9.15.0":
    version "9.15.0"
    resolved "https://registry.npmjs.org/@dhis2-ui/organisation-unit-tree/-/organisation-unit-tree-9.15.0.tgz"
    integrity sha512-BPngswGID/HExdgWI6i4PvhPXKHaeXviJGFPvy4OAnw6nq0Mb4RpkEX1vSUod9ooxGbK2cXfO076ZKn3X0fYWg==
    dependencies:
      "@dhis2-ui/button" "9.15.0"
      "@dhis2-ui/checkbox" "9.15.0"
      "@dhis2-ui/loader" "9.15.0"
      "@dhis2-ui/node" "9.15.0"
      "@dhis2/prop-types" "^3.1.2"
      "@dhis2/ui-constants" "9.15.0"
      classnames "^2.3.1"
      prop-types "^15.7.2"
  
  "@dhis2-ui/pagination@10.7.2":
    version "10.7.2"
    resolved "https://registry.npmjs.org/@dhis2-ui/pagination/-/pagination-10.7.2.tgz"
    integrity sha512-6fsKjvtMUaus+Aw7DnuveiSWWtyZVWQ2EJEuA2oX5H0xnPia9XmniNSYzHMAhXxEGISpRZGox8pp6r9Kcz9dGg==
    dependencies:
      "@dhis2-ui/button" "10.7.2"
      "@dhis2-ui/select" "10.7.2"
      "@dhis2/prop-types" "^3.1.2"
      "@dhis2/ui-constants" "10.7.2"
      "@dhis2/ui-icons" "10.7.2"
      classnames "^2.3.1"
      prop-types "^15.7.2"
  
  "@dhis2-ui/pagination@9.15.0":
    version "9.15.0"
    resolved "https://registry.npmjs.org/@dhis2-ui/pagination/-/pagination-9.15.0.tgz"
    integrity sha512-xz5tlf2s/a/40yXQPboq+m/nC3AigtUuEb1JloJ30e2drgtULJVpYStxCRBEzygZ58l7U0hXnzotyzpQqMS1zQ==
    dependencies:
      "@dhis2-ui/button" "9.15.0"
      "@dhis2-ui/select" "9.15.0"
      "@dhis2/prop-types" "^3.1.2"
      "@dhis2/ui-constants" "9.15.0"
      "@dhis2/ui-icons" "9.15.0"
      classnames "^2.3.1"
      prop-types "^15.7.2"
  
  "@dhis2-ui/popover@10.7.2":
    version "10.7.2"
    resolved "https://registry.npmjs.org/@dhis2-ui/popover/-/popover-10.7.2.tgz"
    integrity sha512-hGUTXmKaAOfj1Uyg9WcchgKNr7KqdUKMo7xhV65ZIn82rqOsdo3GkWNJrjJuQ0/JgjtOIJBhc5x11SbVTYsIbA==
    dependencies:
      "@dhis2-ui/layer" "10.7.2"
      "@dhis2-ui/popper" "10.7.2"
      "@dhis2/prop-types" "^3.1.2"
      "@dhis2/ui-constants" "10.7.2"
      classnames "^2.3.1"
      prop-types "^15.7.2"
  
  "@dhis2-ui/popover@9.15.0":
    version "9.15.0"
    resolved "https://registry.npmjs.org/@dhis2-ui/popover/-/popover-9.15.0.tgz"
    integrity sha512-HhpRHJD0DANb7BzbSojP8tdNpUxXBkP5AEnpq3WBUOrl5Y3mR30MonSMP5YUEFrLiGPfelzsWamHej4ZBuD5jg==
    dependencies:
      "@dhis2-ui/layer" "9.15.0"
      "@dhis2-ui/popper" "9.15.0"
      "@dhis2/prop-types" "^3.1.2"
      "@dhis2/ui-constants" "9.15.0"
      classnames "^2.3.1"
      prop-types "^15.7.2"
  
  "@dhis2-ui/popper@10.7.1":
    version "10.7.1"
    resolved "https://registry.npmjs.org/@dhis2-ui/popper/-/popper-10.7.1.tgz"
    integrity sha512-Pe0faS0kAhyNq+JDMSfb6O7OpSKjAz+WHNbcVWubTLzNLDUqEFgZMuOnhL9FbxOE3QOvnsJ+Sbw2CImaN15HQg==
    dependencies:
      "@dhis2/prop-types" "^3.1.2"
      "@dhis2/ui-constants" "10.7.1"
      "@popperjs/core" "^2.10.1"
      classnames "^2.3.1"
      prop-types "^15.7.2"
      react-popper "^2.2.5"
      resize-observer-polyfill "^1.5.1"
  
  "@dhis2-ui/popper@10.7.2":
    version "10.7.2"
    resolved "https://registry.npmjs.org/@dhis2-ui/popper/-/popper-10.7.2.tgz"
    integrity sha512-nygCrhLOBZst0M2bLC8Uq2pt87lsR566pvGRHD4VAcl5KvvRQrXUPzwqqUGZGDPKY6RZYnzeoZzOtQCqiagt0Q==
    dependencies:
      "@dhis2/prop-types" "^3.1.2"
      "@dhis2/ui-constants" "10.7.2"
      "@popperjs/core" "^2.10.1"
      classnames "^2.3.1"
      prop-types "^15.7.2"
      react-popper "^2.2.5"
      resize-observer-polyfill "^1.5.1"
  
  "@dhis2-ui/popper@9.15.0":
    version "9.15.0"
    resolved "https://registry.npmjs.org/@dhis2-ui/popper/-/popper-9.15.0.tgz"
    integrity sha512-wVU9UWqEhs2O+cPvS6e74bO/L1GMZiii7RQTkkTcNt7C2xwrMiQOp7KKK3GWPc15bVoqxyG4s6wskFCf3S8fCw==
    dependencies:
      "@dhis2/prop-types" "^3.1.2"
      "@dhis2/ui-constants" "9.15.0"
      "@popperjs/core" "^2.10.1"
      classnames "^2.3.1"
      prop-types "^15.7.2"
      react-popper "^2.2.5"
      resize-observer-polyfill "^1.5.1"
  
  "@dhis2-ui/portal@10.7.1":
    version "10.7.1"
    resolved "https://registry.npmjs.org/@dhis2-ui/portal/-/portal-10.7.1.tgz"
    integrity sha512-e4dDJ2JqRglohBFZr3qOZQrtepPZY5Dj9v1DcHnqZwI7OO2PWIeNKyHOAXEf3j7ojYF8Ejfuo6EMLls97zDV9A==
    dependencies:
      classnames "^2.3.1"
      prop-types "^15.7.2"
  
  "@dhis2-ui/portal@10.7.2":
    version "10.7.2"
    resolved "https://registry.npmjs.org/@dhis2-ui/portal/-/portal-10.7.2.tgz"
    integrity sha512-yNOuwdcx6U6l++7b3iuxJFojYABNj4ZujdO6gfgfkdxV/cjs0r8giMF+//M2LOrm+n1fLWEIXNqlxAX+S2mgYQ==
    dependencies:
      classnames "^2.3.1"
      prop-types "^15.7.2"
  
  "@dhis2-ui/portal@9.15.0":
    version "9.15.0"
    resolved "https://registry.npmjs.org/@dhis2-ui/portal/-/portal-9.15.0.tgz"
    integrity sha512-aL7vWHdwQieS3vRQU6nhV3eGf5bnNBBzcU+okJ60vd0PSkC4J5hpBEBVsTzl9nfugzpDRPfNaTtsBqBgZx9KNw==
    dependencies:
      classnames "^2.3.1"
      prop-types "^15.7.2"
  
  "@dhis2-ui/radio@10.7.2":
    version "10.7.2"
    resolved "https://registry.npmjs.org/@dhis2-ui/radio/-/radio-10.7.2.tgz"
    integrity sha512-4XUDLvZeKjn0sDDqgSVmG/j385TQVgZlJOi13g26t5dts1OgWuJqGGOM0GfMnMcvROMkoBlrI1/hRBXugizNhA==
    dependencies:
      "@dhis2/prop-types" "^3.1.2"
      "@dhis2/ui-constants" "10.7.2"
      classnames "^2.3.1"
      prop-types "^15.7.2"
  
  "@dhis2-ui/radio@9.15.0":
    version "9.15.0"
    resolved "https://registry.npmjs.org/@dhis2-ui/radio/-/radio-9.15.0.tgz"
    integrity sha512-fV4drZP718GyDDyfaVdbROfcoI4Vf0+1JCwXDeYJDnUdpQiqo1bdAjFmOqYqxvl+SQbHD1YqiHGc50aOXVM6gQ==
    dependencies:
      "@dhis2/prop-types" "^3.1.2"
      "@dhis2/ui-constants" "9.15.0"
      classnames "^2.3.1"
      prop-types "^15.7.2"
  
  "@dhis2-ui/required@10.7.2":
    version "10.7.2"
    resolved "https://registry.npmjs.org/@dhis2-ui/required/-/required-10.7.2.tgz"
    integrity sha512-sOW7NQstUJtTeqlksh0nT7TxvrhSmL7A1B2rJcdfAS5/QP2NRXuY/Jie+U+G8JtvT7ZLoP1+KJpOyb4x2HZEdg==
    dependencies:
      "@dhis2/prop-types" "^3.1.2"
      "@dhis2/ui-constants" "10.7.2"
      classnames "^2.3.1"
      prop-types "^15.7.2"
  
  "@dhis2-ui/required@9.15.0":
    version "9.15.0"
    resolved "https://registry.npmjs.org/@dhis2-ui/required/-/required-9.15.0.tgz"
    integrity sha512-ZG8j6Er6WZOv/DamgjNNgs0qRaL2o2hm5XT51bYmu2OrbsUvzPodpqnptpOv3o4uab8mNb7FiwUBuanuJLvINQ==
    dependencies:
      "@dhis2/prop-types" "^3.1.2"
      "@dhis2/ui-constants" "9.15.0"
      classnames "^2.3.1"
      prop-types "^15.7.2"
  
  "@dhis2-ui/segmented-control@10.7.2":
    version "10.7.2"
    resolved "https://registry.npmjs.org/@dhis2-ui/segmented-control/-/segmented-control-10.7.2.tgz"
    integrity sha512-lv9yu9Ux8gzVE0UhkTOkDPhAKz167dURZb14FqhCbd+xOlYosZXHTMh7kGRjChzU/yR0uwJhOJKpifk/hPJKjw==
    dependencies:
      "@dhis2/prop-types" "^3.1.2"
      "@dhis2/ui-constants" "10.7.2"
      classnames "^2.3.1"
      prop-types "^15.7.2"
  
  "@dhis2-ui/segmented-control@9.15.0":
    version "9.15.0"
    resolved "https://registry.npmjs.org/@dhis2-ui/segmented-control/-/segmented-control-9.15.0.tgz"
    integrity sha512-wdr0YNyMC7nEmc2Bb8mFtNZ9aZhqg0eNjE+E6HbPJTfU+VG5zvnHsW53pHA8tK/sd40oq6L6/tf76Pm7oMAB0g==
    dependencies:
      "@dhis2/prop-types" "^3.1.2"
      "@dhis2/ui-constants" "9.15.0"
      classnames "^2.3.1"
      prop-types "^15.7.2"
  
  "@dhis2-ui/select@10.7.2":
    version "10.7.2"
    resolved "https://registry.npmjs.org/@dhis2-ui/select/-/select-10.7.2.tgz"
    integrity sha512-snLdR7ywKZnt1aXbbROsf3UYiW58AE6UecGedBPLWWL3rLLlWZxk0qA7WABRTWNK1bcEoTiTTKKFlx8CP4bzVA==
    dependencies:
      "@dhis2-ui/box" "10.7.2"
      "@dhis2-ui/button" "10.7.2"
      "@dhis2-ui/card" "10.7.2"
      "@dhis2-ui/checkbox" "10.7.2"
      "@dhis2-ui/chip" "10.7.2"
      "@dhis2-ui/field" "10.7.2"
      "@dhis2-ui/input" "10.7.2"
      "@dhis2-ui/layer" "10.7.2"
      "@dhis2-ui/loader" "10.7.2"
      "@dhis2-ui/popper" "10.7.2"
      "@dhis2-ui/status-icon" "10.7.2"
      "@dhis2-ui/tooltip" "10.7.2"
      "@dhis2/prop-types" "^3.1.2"
      "@dhis2/ui-constants" "10.7.2"
      "@dhis2/ui-icons" "10.7.2"
      classnames "^2.3.1"
      prop-types "^15.7.2"
  
  "@dhis2-ui/select@9.15.0":
    version "9.15.0"
    resolved "https://registry.npmjs.org/@dhis2-ui/select/-/select-9.15.0.tgz"
    integrity sha512-oWUjvSjyVmQGQr8vEz7yatsXH7MfpI3hznBZUs90vV+AFAivJzvOesTwoKrr/axx9maKUvXztLOTni+/j+iA6A==
    dependencies:
      "@dhis2-ui/box" "9.15.0"
      "@dhis2-ui/button" "9.15.0"
      "@dhis2-ui/card" "9.15.0"
      "@dhis2-ui/checkbox" "9.15.0"
      "@dhis2-ui/chip" "9.15.0"
      "@dhis2-ui/field" "9.15.0"
      "@dhis2-ui/input" "9.15.0"
      "@dhis2-ui/layer" "9.15.0"
      "@dhis2-ui/loader" "9.15.0"
      "@dhis2-ui/popper" "9.15.0"
      "@dhis2-ui/status-icon" "9.15.0"
      "@dhis2-ui/tooltip" "9.15.0"
      "@dhis2/prop-types" "^3.1.2"
      "@dhis2/ui-constants" "9.15.0"
      "@dhis2/ui-icons" "9.15.0"
      classnames "^2.3.1"
      prop-types "^15.7.2"
  
  "@dhis2-ui/selector-bar@10.7.1":
    version "10.7.1"
    resolved "https://registry.npmjs.org/@dhis2-ui/selector-bar/-/selector-bar-10.7.1.tgz"
    integrity sha512-97dCAo+3dFkjBWrAbh/anprBcvMl5Bm10DpkhTYNbyH/wZbcSAoXZs0V+DEwSDI3Qu8huaQ8uSUT65JQPoJgWw==
    dependencies:
      "@dhis2-ui/button" "10.7.1"
      "@dhis2-ui/card" "10.7.1"
      "@dhis2-ui/layer" "10.7.1"
      "@dhis2-ui/popper" "10.7.1"
      "@dhis2/ui-constants" "10.7.1"
      "@dhis2/ui-icons" "10.7.1"
      classnames "^2.3.1"
      prop-types "^15.7.2"
  
  "@dhis2-ui/selector-bar@10.7.2":
    version "10.7.2"
    resolved "https://registry.npmjs.org/@dhis2-ui/selector-bar/-/selector-bar-10.7.2.tgz"
    integrity sha512-Ym3HwDSaVIH9+PQZcc1zk69sO0KJYlbRtbrwghhwyHE0svJIV54GPsvkXArWu31pntpU64WbIfI7o9WnAZB+4Q==
    dependencies:
      "@dhis2-ui/button" "10.7.2"
      "@dhis2-ui/card" "10.7.2"
      "@dhis2-ui/layer" "10.7.2"
      "@dhis2-ui/popper" "10.7.2"
      "@dhis2/ui-constants" "10.7.2"
      "@dhis2/ui-icons" "10.7.2"
      classnames "^2.3.1"
      prop-types "^15.7.2"
  
  "@dhis2-ui/selector-bar@9.15.0":
    version "9.15.0"
    resolved "https://registry.npmjs.org/@dhis2-ui/selector-bar/-/selector-bar-9.15.0.tgz"
    integrity sha512-SdPjy4r3XCM+wamSzO3PjwMS7htDj/AoZSSqbQO3KJMqGX5PpP2N+LIKT8VL3maOM82jVJvQTCBe9pPh0NHSRw==
    dependencies:
      "@dhis2-ui/button" "9.15.0"
      "@dhis2-ui/card" "9.15.0"
      "@dhis2-ui/layer" "9.15.0"
      "@dhis2-ui/popper" "9.15.0"
      "@dhis2/ui-constants" "9.15.0"
      "@dhis2/ui-icons" "9.15.0"
      classnames "^2.3.1"
      prop-types "^15.7.2"
  
  "@dhis2-ui/sharing-dialog@10.7.2":
    version "10.7.2"
    resolved "https://registry.npmjs.org/@dhis2-ui/sharing-dialog/-/sharing-dialog-10.7.2.tgz"
    integrity sha512-GY5WlztBGqEkGg6jYrf04ll3S9XOnbnT00a03PPKEA3eNr4ZpK5pWvCzTdCHrEgI+H9W0jOVy4WpTKy7yqwpeg==
    dependencies:
      "@dhis2-ui/box" "10.7.2"
      "@dhis2-ui/button" "10.7.2"
      "@dhis2-ui/card" "10.7.2"
      "@dhis2-ui/divider" "10.7.2"
      "@dhis2-ui/input" "10.7.2"
      "@dhis2-ui/layer" "10.7.2"
      "@dhis2-ui/menu" "10.7.2"
      "@dhis2-ui/modal" "10.7.2"
      "@dhis2-ui/notice-box" "10.7.2"
      "@dhis2-ui/popper" "10.7.2"
      "@dhis2-ui/select" "10.7.2"
      "@dhis2-ui/tab" "10.7.2"
      "@dhis2-ui/tooltip" "10.7.2"
      "@dhis2-ui/user-avatar" "10.7.2"
      "@dhis2/prop-types" "^3.1.2"
      "@dhis2/ui-constants" "10.7.2"
      "@dhis2/ui-icons" "10.7.2"
      "@react-hook/size" "^2.1.2"
      classnames "^2.3.1"
      prop-types "^15.7.2"
  
  "@dhis2-ui/sharing-dialog@9.15.0":
    version "9.15.0"
    resolved "https://registry.npmjs.org/@dhis2-ui/sharing-dialog/-/sharing-dialog-9.15.0.tgz"
    integrity sha512-+lrKsTu95j39ak3KvthRFdkjNSDvJdaMp+Yvac9NXVDFMi71FBZiRx+Zt49qyRrPtNHHWCJZ0+QLUZfAkgm0oA==
    dependencies:
      "@dhis2-ui/box" "9.15.0"
      "@dhis2-ui/button" "9.15.0"
      "@dhis2-ui/card" "9.15.0"
      "@dhis2-ui/divider" "9.15.0"
      "@dhis2-ui/input" "9.15.0"
      "@dhis2-ui/layer" "9.15.0"
      "@dhis2-ui/menu" "9.15.0"
      "@dhis2-ui/modal" "9.15.0"
      "@dhis2-ui/notice-box" "9.15.0"
      "@dhis2-ui/popper" "9.15.0"
      "@dhis2-ui/select" "9.15.0"
      "@dhis2-ui/tab" "9.15.0"
      "@dhis2-ui/tooltip" "9.15.0"
      "@dhis2-ui/user-avatar" "9.15.0"
      "@dhis2/prop-types" "^3.1.2"
      "@dhis2/ui-constants" "9.15.0"
      "@dhis2/ui-icons" "9.15.0"
      "@react-hook/size" "^2.1.2"
      classnames "^2.3.1"
      prop-types "^15.7.2"
  
  "@dhis2-ui/status-icon@10.7.2":
    version "10.7.2"
    resolved "https://registry.npmjs.org/@dhis2-ui/status-icon/-/status-icon-10.7.2.tgz"
    integrity sha512-pgvk44z7StTkdFUyIyu59E6qQGTUzeeqTZXtGYQ2yGI345oTlwaOqWl9agDa4dAF3kyWubfRik0mv7IIiW/3xw==
    dependencies:
      "@dhis2-ui/loader" "10.7.2"
      "@dhis2/prop-types" "^3.1.2"
      "@dhis2/ui-constants" "10.7.2"
      "@dhis2/ui-icons" "10.7.2"
      classnames "^2.3.1"
      prop-types "^15.7.2"
  
  "@dhis2-ui/status-icon@9.15.0":
    version "9.15.0"
    resolved "https://registry.npmjs.org/@dhis2-ui/status-icon/-/status-icon-9.15.0.tgz"
    integrity sha512-irzDYB+hiT+nll9XYzr8bPSY6UV/LCbsJAb1VbMtgZ04oWMowTg9YwIrWcpUukmvicY638ytHu3GwNvEZAJRmg==
    dependencies:
      "@dhis2-ui/loader" "9.15.0"
      "@dhis2/prop-types" "^3.1.2"
      "@dhis2/ui-constants" "9.15.0"
      "@dhis2/ui-icons" "9.15.0"
      classnames "^2.3.1"
      prop-types "^15.7.2"
  
  "@dhis2-ui/switch@10.7.2":
    version "10.7.2"
    resolved "https://registry.npmjs.org/@dhis2-ui/switch/-/switch-10.7.2.tgz"
    integrity sha512-MX8gyEbQr2O/pe0s3s3ZEocobKLJLDoZRU9BKLAPQUMR1ZiuBeGFYTU7Zd3tUwU16D+kdy8ms+g0T0EYaW3wbg==
    dependencies:
      "@dhis2-ui/field" "10.7.2"
      "@dhis2-ui/required" "10.7.2"
      "@dhis2/prop-types" "^3.1.2"
      "@dhis2/ui-constants" "10.7.2"
      classnames "^2.3.1"
      prop-types "^15.7.2"
  
  "@dhis2-ui/switch@9.15.0":
    version "9.15.0"
    resolved "https://registry.npmjs.org/@dhis2-ui/switch/-/switch-9.15.0.tgz"
    integrity sha512-ihu6GEJoCImU1JmsL8DRDeo9pkb9KJMOkBc4rYTyRgyc/n/aZnxSNtV/eTm4OZCd62UNZr1geD41FVj1F8JZ1Q==
    dependencies:
      "@dhis2-ui/field" "9.15.0"
      "@dhis2-ui/required" "9.15.0"
      "@dhis2/prop-types" "^3.1.2"
      "@dhis2/ui-constants" "9.15.0"
      classnames "^2.3.1"
      prop-types "^15.7.2"
  
  "@dhis2-ui/tab@10.7.2":
    version "10.7.2"
    resolved "https://registry.npmjs.org/@dhis2-ui/tab/-/tab-10.7.2.tgz"
    integrity sha512-c3U8PqWKTN7q4UXh9YO5mlXNtpFRRdZMvLwAj8eMaZIps78PVzochQpFTy+qcJ5ILBMok9t1xWFi52kROqdsYg==
    dependencies:
      "@dhis2-ui/tooltip" "10.7.2"
      "@dhis2/prop-types" "^3.1.2"
      "@dhis2/ui-constants" "10.7.2"
      "@dhis2/ui-icons" "10.7.2"
      classnames "^2.3.1"
      prop-types "^15.7.2"
  
  "@dhis2-ui/tab@9.15.0":
    version "9.15.0"
    resolved "https://registry.npmjs.org/@dhis2-ui/tab/-/tab-9.15.0.tgz"
    integrity sha512-jm9Oe4hHKb6v4GMtW86GF6QJb64hbXvsgpJTUKHxP5LPFcBDWWEMV7yKnIaMNgKceGY4o7nfXdmje/jYXg8JEA==
    dependencies:
      "@dhis2-ui/tooltip" "9.15.0"
      "@dhis2/prop-types" "^3.1.2"
      "@dhis2/ui-constants" "9.15.0"
      "@dhis2/ui-icons" "9.15.0"
      classnames "^2.3.1"
      prop-types "^15.7.2"
  
  "@dhis2-ui/table@10.7.2":
    version "10.7.2"
    resolved "https://registry.npmjs.org/@dhis2-ui/table/-/table-10.7.2.tgz"
    integrity sha512-qKQxaMpaTPMueXtnUxGHcihaI9vRes1uZCUEhGcPv31ElqIgMaX/+EtvZTXtNHrQ8dyJD05sUDM1YezRe3Zhzg==
    dependencies:
      "@dhis2/prop-types" "^3.1.2"
      "@dhis2/ui-constants" "10.7.2"
      "@dhis2/ui-icons" "10.7.2"
      classnames "^2.3.1"
      prop-types "^15.7.2"
  
  "@dhis2-ui/table@9.15.0":
    version "9.15.0"
    resolved "https://registry.npmjs.org/@dhis2-ui/table/-/table-9.15.0.tgz"
    integrity sha512-q4p6FAQ0VvOzwnYuxvd87wJ1272ZHGq8oe5PYy7AHtlNgLaQgO+Rl7gIPgG3NBmwURW5nrF1VjansQopyp2GRQ==
    dependencies:
      "@dhis2/prop-types" "^3.1.2"
      "@dhis2/ui-constants" "9.15.0"
      "@dhis2/ui-icons" "9.15.0"
      classnames "^2.3.1"
      prop-types "^15.7.2"
  
  "@dhis2-ui/tag@10.7.2":
    version "10.7.2"
    resolved "https://registry.npmjs.org/@dhis2-ui/tag/-/tag-10.7.2.tgz"
    integrity sha512-JLVg0IZYs2L3msHk0F3FKKi6aR9eAkYHXJ1kkKACHQWnyKUcJey7+9I3pc514mQfyT5FxCMOtrMbSZVRP1Lenw==
    dependencies:
      "@dhis2/prop-types" "^3.1.2"
      "@dhis2/ui-constants" "10.7.2"
      classnames "^2.3.1"
      prop-types "^15.7.2"
  
  "@dhis2-ui/tag@9.15.0":
    version "9.15.0"
    resolved "https://registry.npmjs.org/@dhis2-ui/tag/-/tag-9.15.0.tgz"
    integrity sha512-/lDLRw8JzaNyhJPh7GZGhDJrlFTq+N19ZSTG6K1QRzZWyKOCH7HNWehKHlCxlElsNWRxDu34GFSjzqponumvdA==
    dependencies:
      "@dhis2/prop-types" "^3.1.2"
      "@dhis2/ui-constants" "9.15.0"
      classnames "^2.3.1"
      prop-types "^15.7.2"
  
  "@dhis2-ui/text-area@10.7.2":
    version "10.7.2"
    resolved "https://registry.npmjs.org/@dhis2-ui/text-area/-/text-area-10.7.2.tgz"
    integrity sha512-dw3arK2qP9Hq/oUI80EA/z4RPUHw58I9+NA+uWS2CEgHy0DxMClOCAaYpj5CcHk48+GH1Ux6TXrU5AlrvsBMhQ==
    dependencies:
      "@dhis2-ui/box" "10.7.2"
      "@dhis2-ui/field" "10.7.2"
      "@dhis2-ui/loader" "10.7.2"
      "@dhis2-ui/status-icon" "10.7.2"
      "@dhis2/prop-types" "^3.1.2"
      "@dhis2/ui-constants" "10.7.2"
      "@dhis2/ui-icons" "10.7.2"
      classnames "^2.3.1"
      prop-types "^15.7.2"
  
  "@dhis2-ui/text-area@9.15.0":
    version "9.15.0"
    resolved "https://registry.npmjs.org/@dhis2-ui/text-area/-/text-area-9.15.0.tgz"
    integrity sha512-6/8zmBQ5bYevBvIofJKbQxN/kwUqoqzHD8Mc2ejjBoS215wT16l3NKnDoRK1/mmKMryBAQv+eeLGp19tZ+kBMA==
    dependencies:
      "@dhis2-ui/box" "9.15.0"
      "@dhis2-ui/field" "9.15.0"
      "@dhis2-ui/loader" "9.15.0"
      "@dhis2-ui/status-icon" "9.15.0"
      "@dhis2/prop-types" "^3.1.2"
      "@dhis2/ui-constants" "9.15.0"
      "@dhis2/ui-icons" "9.15.0"
      classnames "^2.3.1"
      prop-types "^15.7.2"
  
  "@dhis2-ui/tooltip@10.7.2":
    version "10.7.2"
    resolved "https://registry.npmjs.org/@dhis2-ui/tooltip/-/tooltip-10.7.2.tgz"
    integrity sha512-PmoV8fiwV2ruqz7m1UdYk18NvXTqRAJTVV1smY+gx5PL7R6mok56DNiVFqJLSY88AH3KvnR9FG1f6erVqPH4wg==
    dependencies:
      "@dhis2-ui/popper" "10.7.2"
      "@dhis2-ui/portal" "10.7.2"
      "@dhis2/prop-types" "^3.1.2"
      "@dhis2/ui-constants" "10.7.2"
      classnames "^2.3.1"
      prop-types "^15.7.2"
  
  "@dhis2-ui/tooltip@9.15.0":
    version "9.15.0"
    resolved "https://registry.npmjs.org/@dhis2-ui/tooltip/-/tooltip-9.15.0.tgz"
    integrity sha512-w9XrtcT/DtziKwednbQpw3OaqbToEeIXw1WE7dcmKQHCddRfbogcJo73uMbOkJ4JeF/u4UCsrGI2HGiMyjwgBQ==
    dependencies:
      "@dhis2-ui/popper" "9.15.0"
      "@dhis2-ui/portal" "9.15.0"
      "@dhis2/prop-types" "^3.1.2"
      "@dhis2/ui-constants" "9.15.0"
      classnames "^2.3.1"
      prop-types "^15.7.2"
  
  "@dhis2-ui/transfer@10.7.2":
    version "10.7.2"
    resolved "https://registry.npmjs.org/@dhis2-ui/transfer/-/transfer-10.7.2.tgz"
    integrity sha512-xU6zTfpbYSYWe+RBMlE8Bp/bGYnPl5CFc4SikeWDDRyJGVlajJIQgstNB4YjGSEwKywmWW4PSnfPvIh8hEPYhw==
    dependencies:
      "@dhis2-ui/button" "10.7.2"
      "@dhis2-ui/field" "10.7.2"
      "@dhis2-ui/input" "10.7.2"
      "@dhis2-ui/intersection-detector" "10.7.2"
      "@dhis2-ui/loader" "10.7.2"
      "@dhis2/prop-types" "^3.1.2"
      "@dhis2/ui-constants" "10.7.2"
      classnames "^2.3.1"
      prop-types "^15.7.2"
  
  "@dhis2-ui/transfer@9.15.0":
    version "9.15.0"
    resolved "https://registry.npmjs.org/@dhis2-ui/transfer/-/transfer-9.15.0.tgz"
    integrity sha512-hyIzDgMA72QU3txdKFahAIvLekCEiqY5v22RUwwClNLSd/SDSdwz/E/fO2TgD/CeQakdVZza+oZ/ALVEQ3EQtQ==
    dependencies:
      "@dhis2-ui/button" "9.15.0"
      "@dhis2-ui/field" "9.15.0"
      "@dhis2-ui/input" "9.15.0"
      "@dhis2-ui/intersection-detector" "9.15.0"
      "@dhis2-ui/loader" "9.15.0"
      "@dhis2/prop-types" "^3.1.2"
      "@dhis2/ui-constants" "9.15.0"
      classnames "^2.3.1"
      prop-types "^15.7.2"
  
  "@dhis2-ui/user-avatar@10.7.2":
    version "10.7.2"
    resolved "https://registry.npmjs.org/@dhis2-ui/user-avatar/-/user-avatar-10.7.2.tgz"
    integrity sha512-bz/d1BzdpSGls3XGQChJwOGxSI6UdGHy038ehJ0UQnfBrYXezptoSRwrIqJfLutFW9ymvvJUT69Te+9qsKq+1A==
    dependencies:
      "@dhis2/prop-types" "^3.1.2"
      "@dhis2/ui-constants" "10.7.2"
      classnames "^2.3.1"
      prop-types "^15.7.2"
  
  "@dhis2-ui/user-avatar@9.15.0":
    version "9.15.0"
    resolved "https://registry.npmjs.org/@dhis2-ui/user-avatar/-/user-avatar-9.15.0.tgz"
    integrity sha512-qaSpn+zPDah9dmX6+DZXdpgvOOeKb7GP1EfzFC7yE54Y+UXViZ/MFRddjDLRt6+8ei4OxPt2K1D/y04gCdf4QQ==
    dependencies:
      "@dhis2/prop-types" "^3.1.2"
      "@dhis2/ui-constants" "9.15.0"
      classnames "^2.3.1"
      prop-types "^15.7.2"
  
  "@dhis2/app-adapter@12.6.0":
    version "12.6.0"
    resolved "https://registry.npmjs.org/@dhis2/app-adapter/-/app-adapter-12.6.0.tgz"
    integrity sha512-00/Ak2rKng9+RYvaVQFdgo0bl3n2/exLGEBFygZgSE6UKN7OP+hP4miJCOWlVOHgtM3M1ZQriZgs08Nvh6izIQ==
    dependencies:
      "@dhis2/pwa" "12.6.0"
      moment "^2.24.0"
  
  "@dhis2/app-adapter@12.6.4":
    version "12.6.4"
    dependencies:
      "@dhis2/pwa" "12.6.4"
      moment "^2.24.0"
  
  "@dhis2/app-runtime@^3", "@dhis2/app-runtime@^3.11.1", "@dhis2/app-runtime@^3.11.2", "@dhis2/app-runtime@3.14.1":
    version "3.14.1"
    resolved "https://registry.npmjs.org/@dhis2/app-runtime/-/app-runtime-3.14.1.tgz"
    integrity sha512-gE95IbRXW9UwngJ8jHlidJKjng7ZUdMFeCwupaHHh2Ax+inl8mZEN7fMPBXMQf5coIx5gEnLs4Ov36rUnzFtnQ==
    dependencies:
      "@dhis2/app-service-alerts" "3.14.1"
      "@dhis2/app-service-config" "3.14.1"
      "@dhis2/app-service-data" "3.14.1"
      "@dhis2/app-service-offline" "3.14.1"
      "@dhis2/app-service-plugin" "3.14.1"
  
  "@dhis2/app-runtime@^3.14.3":
    version "3.14.4"
    dependencies:
      "@dhis2/app-service-alerts" "3.14.4"
      "@dhis2/app-service-config" "3.14.4"
      "@dhis2/app-service-data" "3.14.4"
      "@dhis2/app-service-offline" "3.14.4"
      "@dhis2/app-service-plugin" "3.14.4"
  
  "@dhis2/app-service-alerts@3.14.1":
    version "3.14.1"
    resolved "https://registry.npmjs.org/@dhis2/app-service-alerts/-/app-service-alerts-3.14.1.tgz"
    integrity sha512-1vPs5e1UOB8t5vFvR3AWKoOdyRayUmAkt7ySSooJRY8BNKyJz27TtfdTgcHF6uGruNh9J3peJmCJoPQd0c2FaQ==
  
  "@dhis2/app-service-alerts@3.14.4":
    version "3.14.4"
  
  "@dhis2/app-service-config@3.14.1":
    version "3.14.1"
    resolved "https://registry.npmjs.org/@dhis2/app-service-config/-/app-service-config-3.14.1.tgz"
    integrity sha512-qFimzxHVvVoBf2+lh9gdh9DLujO7Ll4QWyFMQ7CFxBPgap5apVO8vXMo1agcccJuVkEaKkxaHgS7pvqBX1lmbg==
  
  "@dhis2/app-service-config@3.14.4":
    version "3.14.4"
  
  "@dhis2/app-service-data@3.14.1":
    version "3.14.1"
    resolved "https://registry.npmjs.org/@dhis2/app-service-data/-/app-service-data-3.14.1.tgz"
    integrity sha512-jU3lU4JJLwyLH+otqFvtCsJTrVIoKD0W7BIpdq4NZnn4PRTuSHGktb4GgATAM8okiM7+Gb0GRBkAVX4IHEEjsg==
    dependencies:
      "@tanstack/react-query" "^4.36.1"
  
  "@dhis2/app-service-data@3.14.4":
    version "3.14.4"
    dependencies:
      "@tanstack/react-query" "^4.36.1"
  
  "@dhis2/app-service-offline@3.14.1":
    version "3.14.1"
    resolved "https://registry.npmjs.org/@dhis2/app-service-offline/-/app-service-offline-3.14.1.tgz"
    integrity sha512-ev9524pcrR+opEhqDozU+LO7SZdT4hckFHOUE21MCmgjLx9TWqldkDFhMp+6/z5bacOwlfgsr8r4NeL/f0VCeQ==
    dependencies:
      lodash "^4.17.21"
  
  "@dhis2/app-service-offline@3.14.4":
    version "3.14.4"
    dependencies:
      lodash "^4.17.21"
  
  "@dhis2/app-service-plugin@3.14.1":
    version "3.14.1"
    resolved "https://registry.npmjs.org/@dhis2/app-service-plugin/-/app-service-plugin-3.14.1.tgz"
    integrity sha512-ZD1/zyCx83WI/AIACQMwyfPr1PGfs4pN8XHLzjCQbLAIYakQ4BKQkh2SlzjGnMbvOh7F70I7EX6kCnMuVwkCrg==
    dependencies:
      post-robot "^10.0.46"
  
  "@dhis2/app-service-plugin@3.14.4":
    version "3.14.4"
    dependencies:
      post-robot "^10.0.46"
  
  "@dhis2/app-shell@12.6.4":
    version "12.6.4"
    dependencies:
      "@dhis2/app-adapter" "12.6.4"
      "@dhis2/app-runtime" "^3.14.3"
      "@dhis2/d2-i18n" "^1.1.1"
      "@dhis2/pwa" "12.6.4"
      "@dhis2/ui" "^10.1.7"
      classnames "^2.2.6"
      moment "^2.29.1"
      post-robot "^10.0.46"
      prop-types "^15.7.2"
      react "^18"
      react-dom "^18"
      source-map-explorer "^2.1.0"
      styled-jsx "^4.0.1"
      typeface-roboto "^0.0.75"
      typescript "^5.6.3"
  
  "@dhis2/cli-app-scripts@12.6.4":
    version "12.6.4"
    dependencies:
      "@babel/core" "^7.26.0"
      "@babel/plugin-proposal-class-properties" "^7.8.3"
      "@babel/plugin-proposal-nullish-coalescing-operator" "^7.8.3"
      "@babel/plugin-proposal-optional-chaining" "^7.8.3"
      "@babel/plugin-syntax-dynamic-import" "^7.8.3"
      "@babel/plugin-syntax-flow" "^7.24.7"
      "@babel/preset-env" "^7.14.7"
      "@babel/preset-react" "^7.0.0"
      "@babel/preset-typescript" "^7.27.1"
      "@dhis2/app-shell" "12.6.4"
      "@dhis2/cli-helpers-engine" "^3.2.2"
      "@jest/core" "^27.0.6"
      "@pmmmwh/react-refresh-webpack-plugin" "^0.5.4"
      "@vitejs/plugin-react" "^4.2.1"
      "@yarnpkg/lockfile" "^1.1.0"
      archiver "^3.1.1"
      axios "^0.25.0"
      babel-jest "^27.0.6"
      babel-loader "^8.1.0"
      babel-plugin-react-require "^3.1.3"
      chokidar "^3.3.0"
      css-loader "^6.7.1"
      css-minimizer-webpack-plugin "^3.4.1"
      detect-port "^1.3.0"
      dotenv "^8.1.0"
      dotenv-expand "^5.1.0"
      fast-glob "^3.3.2"
      file-loader "^6.2.0"
      form-data "^3.0.0"
      fs-extra "^8.1.0"
      gaze "^1.1.3"
      handlebars "^4.3.3"
      html-webpack-plugin "^5.5.0"
      http-proxy "^1.18.1"
      i18next-conv "^9"
      i18next-scanner "^3.3.0"
      inquirer "^7.3.3"
      lodash "^4.17.11"
      mini-css-extract-plugin "^2.5.3"
      node-http-proxy-json "^0.1.9"
      parse-author "^2.0.0"
      parse-gitignore "^1.0.1"
      postcss-loader "^7.0.1"
      react-dev-utils "^12.0.0"
      react-refresh "^0.11.0"
      style-loader "^3.3.1"
      styled-jsx "^4.0.1"
      terser-webpack-plugin "^5.3.1"
      vite "^5.2.9"
      vite-plugin-dynamic-import "^1.5.0"
      webpack "^5.41.1"
      webpack-dev-server "^4.7.4"
      workbox-build "^7.1.1"
  
  "@dhis2/cli-helpers-engine@^3.2.2":
    version "3.2.2"
    dependencies:
      chalk "^3.0.0"
      cross-spawn "^7.0.3"
      find-up "^5.0.0"
      fs-extra "^8.0.1"
      inquirer "^7.3.3"
      request "^2.88.0"
      tar "^4.4.8"
      update-notifier "^3.0.0"
      yargs "^13.1.0"
  
  "@dhis2/d2-i18n@^1", "@dhis2/d2-i18n@^1.1.0", "@dhis2/d2-i18n@^1.1.1", "@dhis2/d2-i18n@^1.1.3":
    version "1.1.3"
    dependencies:
      "@types/i18next" "^11.9.0"
      i18next "^10.3"
      moment "^2.24.0"
  
  "@dhis2/multi-calendar-dates@^1.2.3":
    version "1.3.2"
    resolved "https://registry.npmjs.org/@dhis2/multi-calendar-dates/-/multi-calendar-dates-1.3.2.tgz"
    integrity sha512-H37EptumkqZeHUpbR4wl3y2NZjeipxUNUI2VaHX28z2fbVD7O9H+k1InSskeP5nNWzTLMdPAM4lt/zQP8oRbrg==
    dependencies:
      "@dhis2/d2-i18n" "^1.1.3"
      "@js-temporal/polyfill" "0.4.3"
      classnames "^2.3.2"
  
  "@dhis2/multi-calendar-dates@2.1.0":
    version "2.1.0"
    resolved "https://registry.npmjs.org/@dhis2/multi-calendar-dates/-/multi-calendar-dates-2.1.0.tgz"
    integrity sha512-1CKQJTuN4e1+at1bRQL8991BhwxTtn74x6JcM7/Tr43DGwjjUIlNLYCFxHhsEuAW7smLKBk03+ueyo16ur2egw==
    dependencies:
      "@dhis2/d2-i18n" "^1.1.3"
      "@js-temporal/polyfill" "0.4.3"
      classnames "^2.3.2"
  
  "@dhis2/prop-types@^3.1.2":
    version "3.1.2"
    resolved "https://registry.npmjs.org/@dhis2/prop-types/-/prop-types-3.1.2.tgz"
    integrity sha512-eM0jjLOWvtXWqSFp5YC4DHFpkP8Y1D2eUwGV7MBWjni+o27oesVan+oT7WHeOeLdlAd4acRJrnaaAyB4Ck1wGQ==
  
  "@dhis2/pwa@12.6.0":
    version "12.6.0"
    resolved "https://registry.npmjs.org/@dhis2/pwa/-/pwa-12.6.0.tgz"
    integrity sha512-6KPDAfAlIz59wD9+KJt+AtCl/pHZie4PyGI4NIDflXoNd+WmjiKrJRZbecEDL9/Nloc5NOVBsSD1NwrclQiQWw==
    dependencies:
      idb "^6.0.0"
      workbox-precaching "^7.1.0"
      workbox-routing "^7.1.0"
      workbox-strategies "^7.1.0"
  
  "@dhis2/pwa@12.6.4":
    version "12.6.4"
    dependencies:
      idb "^6.0.0"
      workbox-precaching "^7.1.0"
      workbox-routing "^7.1.0"
      workbox-strategies "^7.1.0"
  
  "@dhis2/ui-constants@10.7.1":
    version "10.7.1"
    resolved "https://registry.npmjs.org/@dhis2/ui-constants/-/ui-constants-10.7.1.tgz"
    integrity sha512-hJVjsVXjnbehOIrScaOwzJf9jPOasJGLUICo7oda1cn4+1wLUHVB5RLKOAdtoEkjFXKfitLHB58z5aqpp/4Baw==
    dependencies:
      prop-types "^15.7.2"
  
  "@dhis2/ui-constants@10.7.2":
    version "10.7.2"
    resolved "https://registry.npmjs.org/@dhis2/ui-constants/-/ui-constants-10.7.2.tgz"
    integrity sha512-qHXRIDsGNGA42auGoTcC7BZ/7Wb0BY1h/0RbqRdNDddQ0PRF8paZ0RNr6fJtMdI1EZx6DOmmsaDf3mpZHfFfuQ==
    dependencies:
      prop-types "^15.7.2"
  
  "@dhis2/ui-constants@9.15.0":
    version "9.15.0"
    resolved "https://registry.npmjs.org/@dhis2/ui-constants/-/ui-constants-9.15.0.tgz"
    integrity sha512-UVbrLDLjrYY3G23YnDuUGw4nUH/6CvPVl6zfFn2S8tRqcsfUedla3gsE02bjfba5ToCb1JGeb0fyS7+xs2K6AA==
    dependencies:
      prop-types "^15.7.2"
  
  "@dhis2/ui-forms@10.7.2":
    version "10.7.2"
    resolved "https://registry.npmjs.org/@dhis2/ui-forms/-/ui-forms-10.7.2.tgz"
    integrity sha512-avfv+v+USnHr3lFM8juB5AUEh2gegpYJJfv9Aj3w93vpNzddCuH+whyWU2oxsA8LjiqUdFNOyxul6CsXTvi1VA==
    dependencies:
      "@dhis2-ui/button" "10.7.2"
      "@dhis2-ui/checkbox" "10.7.2"
      "@dhis2-ui/field" "10.7.2"
      "@dhis2-ui/file-input" "10.7.2"
      "@dhis2-ui/input" "10.7.2"
      "@dhis2-ui/radio" "10.7.2"
      "@dhis2-ui/select" "10.7.2"
      "@dhis2-ui/switch" "10.7.2"
      "@dhis2-ui/text-area" "10.7.2"
      "@dhis2/prop-types" "^3.1.2"
      classnames "^2.3.1"
      final-form "^4.20.2"
      prop-types "^15.7.2"
      react-final-form "^6.5.3"
  
  "@dhis2/ui-forms@9.15.0":
    version "9.15.0"
    resolved "https://registry.npmjs.org/@dhis2/ui-forms/-/ui-forms-9.15.0.tgz"
    integrity sha512-SsGw1wy79L8xtHEYr3odSrp4EUIUJgp5k3MXHzN94rHJITyD+TPa0AOTirSoCf3kmuBVLD/TO8kZoDFHzfpLxg==
    dependencies:
      "@dhis2-ui/button" "9.15.0"
      "@dhis2-ui/checkbox" "9.15.0"
      "@dhis2-ui/field" "9.15.0"
      "@dhis2-ui/file-input" "9.15.0"
      "@dhis2-ui/input" "9.15.0"
      "@dhis2-ui/radio" "9.15.0"
      "@dhis2-ui/select" "9.15.0"
      "@dhis2-ui/switch" "9.15.0"
      "@dhis2-ui/text-area" "9.15.0"
      "@dhis2/prop-types" "^3.1.2"
      classnames "^2.3.1"
      final-form "^4.20.2"
      prop-types "^15.7.2"
      react-final-form "^6.5.3"
  
  "@dhis2/ui-icons@10.7.1":
    version "10.7.1"
    resolved "https://registry.npmjs.org/@dhis2/ui-icons/-/ui-icons-10.7.1.tgz"
    integrity sha512-a1bEqGASzhOVg+78avsFJS1c3YxzfgegKyvscV0ra+N53/NFWZbdQyBF3zbDcz9yTpC3LnLxC4bUZHlLW8rNBg==
  
  "@dhis2/ui-icons@10.7.2":
    version "10.7.2"
    resolved "https://registry.npmjs.org/@dhis2/ui-icons/-/ui-icons-10.7.2.tgz"
    integrity sha512-uk3GeYgb2ARNK1Z7M45a1E/tM/p3NKbWDnstEYQ3eDwzYaeES+aAlu6tPZs+QqOWYcgFJXFX7Zgble56ORdl3g==
  
  "@dhis2/ui-icons@9.15.0":
    version "9.15.0"
    resolved "https://registry.npmjs.org/@dhis2/ui-icons/-/ui-icons-9.15.0.tgz"
    integrity sha512-SEgzWN+YEpV/zQxb7tPL4/qog+0irfM7Oy5OOd4h1jMx7UVroRhsOMJUPpG0L1MyKL7gmsAUg2Z3pa9KN5EFKw==
  
  "@dhis2/ui@^10.1.7", "@dhis2/ui@>=10.1.7", "@dhis2/ui@10.7.2":
    version "10.7.2"
    resolved "https://registry.npmjs.org/@dhis2/ui/-/ui-10.7.2.tgz"
    integrity sha512-9nB6mrPRu8rdNVVCN06VnWlFvJt2/LiC0G+MkhQXiElI5gaPv7aBFBZRhssKjKN2p3JJ70cM9Xxar28+IuPcTw==
    dependencies:
      "@dhis2-ui/alert" "10.7.2"
      "@dhis2-ui/box" "10.7.2"
      "@dhis2-ui/button" "10.7.2"
      "@dhis2-ui/calendar" "10.7.2"
      "@dhis2-ui/card" "10.7.2"
      "@dhis2-ui/center" "10.7.2"
      "@dhis2-ui/checkbox" "10.7.2"
      "@dhis2-ui/chip" "10.7.2"
      "@dhis2-ui/cover" "10.7.2"
      "@dhis2-ui/css" "10.7.2"
      "@dhis2-ui/divider" "10.7.2"
      "@dhis2-ui/field" "10.7.2"
      "@dhis2-ui/file-input" "10.7.2"
      "@dhis2-ui/header-bar" "10.7.2"
      "@dhis2-ui/help" "10.7.2"
      "@dhis2-ui/input" "10.7.2"
      "@dhis2-ui/intersection-detector" "10.7.2"
      "@dhis2-ui/label" "10.7.2"
      "@dhis2-ui/layer" "10.7.2"
      "@dhis2-ui/legend" "10.7.2"
      "@dhis2-ui/loader" "10.7.2"
      "@dhis2-ui/logo" "10.7.2"
      "@dhis2-ui/menu" "10.7.2"
      "@dhis2-ui/modal" "10.7.2"
      "@dhis2-ui/node" "10.7.2"
      "@dhis2-ui/notice-box" "10.7.2"
      "@dhis2-ui/organisation-unit-tree" "10.7.2"
      "@dhis2-ui/pagination" "10.7.2"
      "@dhis2-ui/popover" "10.7.2"
      "@dhis2-ui/popper" "10.7.2"
      "@dhis2-ui/portal" "10.7.2"
      "@dhis2-ui/radio" "10.7.2"
      "@dhis2-ui/required" "10.7.2"
      "@dhis2-ui/segmented-control" "10.7.2"
      "@dhis2-ui/select" "10.7.2"
      "@dhis2-ui/selector-bar" "10.7.2"
      "@dhis2-ui/sharing-dialog" "10.7.2"
      "@dhis2-ui/switch" "10.7.2"
      "@dhis2-ui/tab" "10.7.2"
      "@dhis2-ui/table" "10.7.2"
      "@dhis2-ui/tag" "10.7.2"
      "@dhis2-ui/text-area" "10.7.2"
      "@dhis2-ui/tooltip" "10.7.2"
      "@dhis2-ui/transfer" "10.7.2"
      "@dhis2-ui/user-avatar" "10.7.2"
      "@dhis2/ui-constants" "10.7.2"
      "@dhis2/ui-forms" "10.7.2"
      "@dhis2/ui-icons" "10.7.2"
      prop-types "^15.7.2"
  
  "@dhis2/ui@^9.15.0":
    version "9.15.0"
    resolved "https://registry.npmjs.org/@dhis2/ui/-/ui-9.15.0.tgz"
    integrity sha512-f5EHKepHPWOyLQzscCskMUwFmjgUPzKJdqEV/9myo3F/1TgJ+u8PEAW4gYNPFt8595qtSB7J1wwozMPUhDFEmA==
    dependencies:
      "@dhis2-ui/alert" "9.15.0"
      "@dhis2-ui/box" "9.15.0"
      "@dhis2-ui/button" "9.15.0"
      "@dhis2-ui/calendar" "9.15.0"
      "@dhis2-ui/card" "9.15.0"
      "@dhis2-ui/center" "9.15.0"
      "@dhis2-ui/checkbox" "9.15.0"
      "@dhis2-ui/chip" "9.15.0"
      "@dhis2-ui/cover" "9.15.0"
      "@dhis2-ui/css" "9.15.0"
      "@dhis2-ui/divider" "9.15.0"
      "@dhis2-ui/field" "9.15.0"
      "@dhis2-ui/file-input" "9.15.0"
      "@dhis2-ui/header-bar" "9.15.0"
      "@dhis2-ui/help" "9.15.0"
      "@dhis2-ui/input" "9.15.0"
      "@dhis2-ui/intersection-detector" "9.15.0"
      "@dhis2-ui/label" "9.15.0"
      "@dhis2-ui/layer" "9.15.0"
      "@dhis2-ui/legend" "9.15.0"
      "@dhis2-ui/loader" "9.15.0"
      "@dhis2-ui/logo" "9.15.0"
      "@dhis2-ui/menu" "9.15.0"
      "@dhis2-ui/modal" "9.15.0"
      "@dhis2-ui/node" "9.15.0"
      "@dhis2-ui/notice-box" "9.15.0"
      "@dhis2-ui/organisation-unit-tree" "9.15.0"
      "@dhis2-ui/pagination" "9.15.0"
      "@dhis2-ui/popover" "9.15.0"
      "@dhis2-ui/popper" "9.15.0"
      "@dhis2-ui/portal" "9.15.0"
      "@dhis2-ui/radio" "9.15.0"
      "@dhis2-ui/required" "9.15.0"
      "@dhis2-ui/segmented-control" "9.15.0"
      "@dhis2-ui/select" "9.15.0"
      "@dhis2-ui/selector-bar" "9.15.0"
      "@dhis2-ui/sharing-dialog" "9.15.0"
      "@dhis2-ui/switch" "9.15.0"
      "@dhis2-ui/tab" "9.15.0"
      "@dhis2-ui/table" "9.15.0"
      "@dhis2-ui/tag" "9.15.0"
      "@dhis2-ui/text-area" "9.15.0"
      "@dhis2-ui/tooltip" "9.15.0"
      "@dhis2-ui/transfer" "9.15.0"
      "@dhis2-ui/user-avatar" "9.15.0"
      "@dhis2/ui-constants" "9.15.0"
      "@dhis2/ui-forms" "9.15.0"
      "@dhis2/ui-icons" "9.15.0"
      prop-types "^15.7.2"
  
  "@emotion/babel-plugin@^11.13.5":
    version "11.13.5"
    resolved "https://registry.npmjs.org/@emotion/babel-plugin/-/babel-plugin-11.13.5.tgz"
    integrity sha512-pxHCpT2ex+0q+HH91/zsdHkw/lXd468DIN2zvfvLtPKLLMo6gQj7oLObq8PhkrxOZb/gGCq03S3Z7PDhS8pduQ==
    dependencies:
      "@babel/helper-module-imports" "^7.16.7"
      "@babel/runtime" "^7.18.3"
      "@emotion/hash" "^0.9.2"
      "@emotion/memoize" "^0.9.0"
      "@emotion/serialize" "^1.3.3"
      babel-plugin-macros "^3.1.0"
      convert-source-map "^1.5.0"
      escape-string-regexp "^4.0.0"
      find-root "^1.1.0"
      source-map "^0.5.7"
      stylis "4.2.0"
  
  "@emotion/cache@^11.14.0":
    version "11.14.0"
    resolved "https://registry.npmjs.org/@emotion/cache/-/cache-11.14.0.tgz"
    integrity sha512-L/B1lc/TViYk4DcpGxtAVbx0ZyiKM5ktoIyafGkH6zg/tj+mA+NE//aPYKG0k8kCHSHVJrpLpcAlOBEXQ3SavA==
    dependencies:
      "@emotion/memoize" "^0.9.0"
      "@emotion/sheet" "^1.4.0"
      "@emotion/utils" "^1.4.2"
      "@emotion/weak-memoize" "^0.4.0"
      stylis "4.2.0"
  
  "@emotion/hash@^0.9.2":
    version "0.9.2"
  
  "@emotion/is-prop-valid@^1.3.0":
    version "1.3.1"
    resolved "https://registry.npmjs.org/@emotion/is-prop-valid/-/is-prop-valid-1.3.1.tgz"
    integrity sha512-/ACwoqx7XQi9knQs/G0qKvv5teDMhD7bXYns9N/wM8ah8iNb8jZ2uNO0YOgiq2o2poIvVtJS2YALasQuMSQ7Kw==
    dependencies:
      "@emotion/memoize" "^0.9.0"
  
  "@emotion/memoize@^0.9.0":
    version "0.9.0"
    resolved "https://registry.npmjs.org/@emotion/memoize/-/memoize-0.9.0.tgz"
    integrity sha512-30FAj7/EoJ5mwVPOWhAyCX+FPfMDrVecJAM+Iw9NRoSl4BBAQeqj4cApHHUXOVvIPgLVDsCFoz/hGD+5QQD1GQ==
  
  "@emotion/react@^11.0.0-rc.0", "@emotion/react@^11.14.0", "@emotion/react@^11.4.1", "@emotion/react@^11.5.0", "@emotion/react@^11.9.0":
    version "11.14.0"
    resolved "https://registry.npmjs.org/@emotion/react/-/react-11.14.0.tgz"
    integrity sha512-O000MLDBDdk/EohJPFUqvnp4qnHeYkVP5B0xEG0D/L7cOKP9kefu2DXn8dj74cQfsEzUqh+sr1RzFqiL1o+PpA==
    dependencies:
      "@babel/runtime" "^7.18.3"
      "@emotion/babel-plugin" "^11.13.5"
      "@emotion/cache" "^11.14.0"
      "@emotion/serialize" "^1.3.3"
      "@emotion/use-insertion-effect-with-fallbacks" "^1.2.0"
      "@emotion/utils" "^1.4.2"
      "@emotion/weak-memoize" "^0.4.0"
      hoist-non-react-statics "^3.3.1"
  
  "@emotion/serialize@^1.3.3":
    version "1.3.3"
    resolved "https://registry.npmjs.org/@emotion/serialize/-/serialize-1.3.3.tgz"
    integrity sha512-EISGqt7sSNWHGI76hC7x1CksiXPahbxEOrC5RjmFRJTqLyEK9/9hZvBbiYn70dw4wuwMKiEMCUlR6ZXTSWQqxA==
    dependencies:
      "@emotion/hash" "^0.9.2"
      "@emotion/memoize" "^0.9.0"
      "@emotion/unitless" "^0.10.0"
      "@emotion/utils" "^1.4.2"
      csstype "^3.0.2"
  
  "@emotion/sheet@^1.4.0":
    version "1.4.0"
    resolved "https://registry.npmjs.org/@emotion/sheet/-/sheet-1.4.0.tgz"
    integrity sha512-fTBW9/8r2w3dXWYM4HCB1Rdp8NLibOw2+XELH5m5+AkWiL/KqYX6dc0kKYlaYyKjrQ6ds33MCdMPEwgs2z1rqg==
  
  "@emotion/styled@^11.14.0", "@emotion/styled@^11.3.0", "@emotion/styled@^11.8.1":
    version "11.14.1"
    dependencies:
      "@babel/runtime" "^7.18.3"
      "@emotion/babel-plugin" "^11.13.5"
      "@emotion/is-prop-valid" "^1.3.0"
      "@emotion/serialize" "^1.3.3"
      "@emotion/use-insertion-effect-with-fallbacks" "^1.2.0"
      "@emotion/utils" "^1.4.2"
  
  "@emotion/unitless@^0.10.0":
    version "0.10.0"
    resolved "https://registry.npmjs.org/@emotion/unitless/-/unitless-0.10.0.tgz"
    integrity sha512-dFoMUuQA20zvtVTuxZww6OHoJYgrzfKM1t52mVySDJnMSEa08ruEvdYQbhvyu6soU+NeLVd3yKfTfT0NeV6qGg==
  
  "@emotion/use-insertion-effect-with-fallbacks@^1.2.0":
    version "1.2.0"
    resolved "https://registry.npmjs.org/@emotion/use-insertion-effect-with-fallbacks/-/use-insertion-effect-with-fallbacks-1.2.0.tgz"
    integrity sha512-yJMtVdH59sxi/aVJBpk9FQq+OR8ll5GT8oWd57UpeaKEVGab41JWaCFA7FRLoMLloOZF/c/wsPoe+bfGmRKgDg==
  
  "@emotion/utils@^1.4.2":
    version "1.4.2"
    resolved "https://registry.npmjs.org/@emotion/utils/-/utils-1.4.2.tgz"
    integrity sha512-3vLclRofFziIa3J2wDh9jjbkUz9qk5Vi3IZ/FSTKViB0k+ef0fPV7dYrUIugbgupYDx7v9ud/SjrtEP8Y4xLoA==
  
  "@emotion/weak-memoize@^0.4.0":
    version "0.4.0"
    resolved "https://registry.npmjs.org/@emotion/weak-memoize/-/weak-memoize-0.4.0.tgz"
    integrity sha512-snKqtPW01tN0ui7yu9rGv69aJXr/a/Ywvl11sUjNtEcRc+ng/mQriFL0wLXMef74iHa/EkftbDzU9F8iFbH+zg==
  
  "@esbuild/win32-x64@0.21.5":
    version "0.21.5"
  
  "@eslint-community/eslint-utils@^4.1.2", "@eslint-community/eslint-utils@^4.2.0", "@eslint-community/eslint-utils@^4.4.0":
    version "4.7.0"
    dependencies:
      eslint-visitor-keys "^3.4.3"
  
  "@eslint-community/regexpp@^4.11.0", "@eslint-community/regexpp@^4.4.0", "@eslint-community/regexpp@^4.6.1":
    version "4.12.1"
  
  "@eslint/eslintrc@^2.1.4":
    version "2.1.4"
    dependencies:
      ajv "^6.12.4"
      debug "^4.3.2"
      espree "^9.6.0"
      globals "^13.19.0"
      ignore "^5.2.0"
      import-fresh "^3.2.1"
      js-yaml "^4.1.0"
      minimatch "^3.1.2"
      strip-json-comments "^3.1.1"
  
  "@eslint/js@8.57.1":
    version "8.57.1"
  
  "@fast-csv/format@4.3.5":
    version "4.3.5"
    resolved "https://registry.npmjs.org/@fast-csv/format/-/format-4.3.5.tgz"
    integrity sha512-8iRn6QF3I8Ak78lNAa+Gdl5MJJBM5vRHivFtMRUWINdevNo00K7OXxS2PshawLKTejVwieIlPmK5YlLu6w4u8A==
    dependencies:
      "@types/node" "^14.0.1"
      lodash.escaperegexp "^4.1.2"
      lodash.isboolean "^3.0.3"
      lodash.isequal "^4.5.0"
      lodash.isfunction "^3.0.9"
      lodash.isnil "^4.0.0"
  
  "@fast-csv/parse@4.3.6":
    version "4.3.6"
    resolved "https://registry.npmjs.org/@fast-csv/parse/-/parse-4.3.6.tgz"
    integrity sha512-uRsLYksqpbDmWaSmzvJcuApSEe38+6NQZBUsuAyMZKqHxH0g1wcJgsKUvN3WC8tewaqFjBMMGrkHmC+T7k8LvA==
    dependencies:
      "@types/node" "^14.0.1"
      lodash.escaperegexp "^4.1.2"
      lodash.groupby "^4.6.0"
      lodash.isfunction "^3.0.9"
      lodash.isnil "^4.0.0"
      lodash.isundefined "^3.0.1"
      lodash.uniq "^4.5.0"
  
  "@humanwhocodes/config-array@^0.13.0":
    version "0.13.0"
    dependencies:
      "@humanwhocodes/object-schema" "^2.0.3"
      debug "^4.3.1"
      minimatch "^3.0.5"
  
  "@humanwhocodes/module-importer@^1.0.1":
    version "1.0.1"
  
  "@humanwhocodes/object-schema@^2.0.3":
    version "2.0.3"
  
  "@isaacs/balanced-match@^4.0.1":
    version "4.0.1"
  
  "@isaacs/brace-expansion@^5.0.0":
    version "5.0.0"
    dependencies:
      "@isaacs/balanced-match" "^4.0.1"
  
  "@isaacs/cliui@^8.0.2":
    version "8.0.2"
    dependencies:
      string-width "^5.1.2"
      string-width-cjs "npm:string-width@^4.2.0"
      strip-ansi "^7.0.1"
      strip-ansi-cjs "npm:strip-ansi@^6.0.1"
      wrap-ansi "^8.1.0"
      wrap-ansi-cjs "npm:wrap-ansi@^7.0.0"
  
  "@istanbuljs/load-nyc-config@^1.0.0":
    version "1.1.0"
    dependencies:
      camelcase "^5.3.1"
      find-up "^4.1.0"
      get-package-type "^0.1.0"
      js-yaml "^3.13.1"
      resolve-from "^5.0.0"
  
  "@istanbuljs/schema@^0.1.2":
    version "0.1.3"
  
  "@jest/console@^27.5.1":
    version "27.5.1"
    dependencies:
      "@jest/types" "^27.5.1"
      "@types/node" "*"
      chalk "^4.0.0"
      jest-message-util "^27.5.1"
      jest-util "^27.5.1"
      slash "^3.0.0"
  
  "@jest/core@^27.0.6":
    version "27.5.1"
    dependencies:
      "@jest/console" "^27.5.1"
      "@jest/reporters" "^27.5.1"
      "@jest/test-result" "^27.5.1"
      "@jest/transform" "^27.5.1"
      "@jest/types" "^27.5.1"
      "@types/node" "*"
      ansi-escapes "^4.2.1"
      chalk "^4.0.0"
      emittery "^0.8.1"
      exit "^0.1.2"
      graceful-fs "^4.2.9"
      jest-changed-files "^27.5.1"
      jest-config "^27.5.1"
      jest-haste-map "^27.5.1"
      jest-message-util "^27.5.1"
      jest-regex-util "^27.5.1"
      jest-resolve "^27.5.1"
      jest-resolve-dependencies "^27.5.1"
      jest-runner "^27.5.1"
      jest-runtime "^27.5.1"
      jest-snapshot "^27.5.1"
      jest-util "^27.5.1"
      jest-validate "^27.5.1"
      jest-watcher "^27.5.1"
      micromatch "^4.0.4"
      rimraf "^3.0.0"
      slash "^3.0.0"
      strip-ansi "^6.0.0"
  
  "@jest/environment@^27.5.1":
    version "27.5.1"
    dependencies:
      "@jest/fake-timers" "^27.5.1"
      "@jest/types" "^27.5.1"
      "@types/node" "*"
      jest-mock "^27.5.1"
  
  "@jest/fake-timers@^27.5.1":
    version "27.5.1"
    dependencies:
      "@jest/types" "^27.5.1"
      "@sinonjs/fake-timers" "^8.0.1"
      "@types/node" "*"
      jest-message-util "^27.5.1"
      jest-mock "^27.5.1"
      jest-util "^27.5.1"
  
  "@jest/globals@^27.5.1":
    version "27.5.1"
    dependencies:
      "@jest/environment" "^27.5.1"
      "@jest/types" "^27.5.1"
      expect "^27.5.1"
  
  "@jest/reporters@^27.5.1":
    version "27.5.1"
    dependencies:
      "@bcoe/v8-coverage" "^0.2.3"
      "@jest/console" "^27.5.1"
      "@jest/test-result" "^27.5.1"
      "@jest/transform" "^27.5.1"
      "@jest/types" "^27.5.1"
      "@types/node" "*"
      chalk "^4.0.0"
      collect-v8-coverage "^1.0.0"
      exit "^0.1.2"
      glob "^7.1.2"
      graceful-fs "^4.2.9"
      istanbul-lib-coverage "^3.0.0"
      istanbul-lib-instrument "^5.1.0"
      istanbul-lib-report "^3.0.0"
      istanbul-lib-source-maps "^4.0.0"
      istanbul-reports "^3.1.3"
      jest-haste-map "^27.5.1"
      jest-resolve "^27.5.1"
      jest-util "^27.5.1"
      jest-worker "^27.5.1"
      slash "^3.0.0"
      source-map "^0.6.0"
      string-length "^4.0.1"
      terminal-link "^2.0.0"
      v8-to-istanbul "^8.1.0"
  
  "@jest/source-map@^27.5.1":
    version "27.5.1"
    dependencies:
      callsites "^3.0.0"
      graceful-fs "^4.2.9"
      source-map "^0.6.0"
  
  "@jest/test-result@^27.5.1":
    version "27.5.1"
    dependencies:
      "@jest/console" "^27.5.1"
      "@jest/types" "^27.5.1"
      "@types/istanbul-lib-coverage" "^2.0.0"
      collect-v8-coverage "^1.0.0"
  
  "@jest/test-sequencer@^27.5.1":
    version "27.5.1"
    dependencies:
      "@jest/test-result" "^27.5.1"
      graceful-fs "^4.2.9"
      jest-haste-map "^27.5.1"
      jest-runtime "^27.5.1"
  
  "@jest/transform@^27.5.1":
    version "27.5.1"
    dependencies:
      "@babel/core" "^7.1.0"
      "@jest/types" "^27.5.1"
      babel-plugin-istanbul "^6.1.1"
      chalk "^4.0.0"
      convert-source-map "^1.4.0"
      fast-json-stable-stringify "^2.0.0"
      graceful-fs "^4.2.9"
      jest-haste-map "^27.5.1"
      jest-regex-util "^27.5.1"
      jest-util "^27.5.1"
      micromatch "^4.0.4"
      pirates "^4.0.4"
      slash "^3.0.0"
      source-map "^0.6.1"
      write-file-atomic "^3.0.0"
  
  "@jest/types@^27.5.1":
    version "27.5.1"
    dependencies:
      "@types/istanbul-lib-coverage" "^2.0.0"
      "@types/istanbul-reports" "^3.0.0"
      "@types/node" "*"
      "@types/yargs" "^16.0.0"
      chalk "^4.0.0"
  
  "@jridgewell/gen-mapping@^0.3.12", "@jridgewell/gen-mapping@^0.3.5":
    version "0.3.12"
    dependencies:
      "@jridgewell/sourcemap-codec" "^1.5.0"
      "@jridgewell/trace-mapping" "^0.3.24"
  
  "@jridgewell/resolve-uri@^3.1.0":
    version "3.1.2"
  
  "@jridgewell/source-map@^0.3.3":
    version "0.3.10"
    dependencies:
      "@jridgewell/gen-mapping" "^0.3.5"
      "@jridgewell/trace-mapping" "^0.3.25"
  
  "@jridgewell/sourcemap-codec@^1.4.14", "@jridgewell/sourcemap-codec@^1.5.0":
    version "1.5.4"
  
  "@jridgewell/trace-mapping@^0.3.24", "@jridgewell/trace-mapping@^0.3.25", "@jridgewell/trace-mapping@^0.3.28":
    version "0.3.29"
    dependencies:
      "@jridgewell/resolve-uri" "^3.1.0"
      "@jridgewell/sourcemap-codec" "^1.4.14"
  
  "@js-temporal/polyfill@0.4.3":
    version "0.4.3"
    resolved "https://registry.npmjs.org/@js-temporal/polyfill/-/polyfill-0.4.3.tgz"
    integrity sha512-6Fmjo/HlkyVCmJzAPnvtEWlcbQUSRhi8qlN9EtJA/wP7FqXsevLLrlojR44kzNzrRkpf7eDJ+z7b4xQD/Ycypw==
    dependencies:
      jsbi "^4.1.0"
      tslib "^2.3.1"
  
  "@juggle/resize-observer@^3.3.1":
    version "3.4.0"
    resolved "https://registry.npmjs.org/@juggle/resize-observer/-/resize-observer-3.4.0.tgz"
    integrity sha512-dfLbk+PwWvFzSxwk3n5ySL0hfBog779o8h68wK/7/APo/7cgyWp5jcXockbxdk5kFRkbeXWm4Fbi9FrdN381sA==
  
  "@leichtgewicht/ip-codec@^2.0.1":
    version "2.0.5"
  
  "@mui/core-downloads-tracker@^7.1.0":
    version "7.2.0"
  
  "@mui/icons-material@7.1.0":
    version "7.1.0"
    resolved "https://registry.npmjs.org/@mui/icons-material/-/icons-material-7.1.0.tgz"
    integrity sha512-1mUPMAZ+Qk3jfgL5ftRR06ATH/Esi0izHl1z56H+df6cwIlCWG66RXciUqeJCttbOXOQ5y2DCjLZI/4t3Yg3LA==
    dependencies:
      "@babel/runtime" "^7.27.1"
  
  "@mui/material@^5.15.14 || ^6.0.0 || ^7.0.0", "@mui/material@^7.1.0", "@mui/material@7.1.0":
    version "7.1.0"
    resolved "https://registry.npmjs.org/@mui/material/-/material-7.1.0.tgz"
    integrity sha512-ahUJdrhEv+mCp4XHW+tHIEYzZMSRLg8z4AjUOsj44QpD1ZaMxQoVOG2xiHvLFdcsIPbgSRx1bg1eQSheHBgvtg==
    dependencies:
      "@babel/runtime" "^7.27.1"
      "@mui/core-downloads-tracker" "^7.1.0"
      "@mui/system" "^7.1.0"
      "@mui/types" "^7.4.2"
      "@mui/utils" "^7.1.0"
      "@popperjs/core" "^2.11.8"
      "@types/react-transition-group" "^4.4.12"
      clsx "^2.1.1"
      csstype "^3.1.3"
      prop-types "^15.8.1"
      react-is "^19.1.0"
      react-transition-group "^4.4.5"
  
  "@mui/private-theming@^6.4.9":
    version "6.4.9"
    resolved "https://registry.npmjs.org/@mui/private-theming/-/private-theming-6.4.9.tgz"
    integrity sha512-LktcVmI5X17/Q5SkwjCcdOLBzt1hXuc14jYa7NPShog0GBDCDvKtcnP0V7a2s6EiVRlv7BzbWEJzH6+l/zaCxw==
    dependencies:
      "@babel/runtime" "^7.26.0"
      "@mui/utils" "^6.4.9"
      prop-types "^15.8.1"
  
  "@mui/private-theming@^7.2.0":
    version "7.2.0"
    dependencies:
      "@babel/runtime" "^7.27.6"
      "@mui/utils" "^7.2.0"
      prop-types "^15.8.1"
  
  "@mui/styled-engine@^7.2.0":
    version "7.2.0"
    dependencies:
      "@babel/runtime" "^7.27.6"
      "@emotion/cache" "^11.14.0"
      "@emotion/serialize" "^1.3.3"
      "@emotion/sheet" "^1.4.0"
      csstype "^3.1.3"
      prop-types "^15.8.1"
  
  "@mui/styles@^6.4.11":
    version "6.4.12"
    dependencies:
      "@babel/runtime" "^7.26.0"
      "@emotion/hash" "^0.9.2"
      "@mui/private-theming" "^6.4.9"
      "@mui/types" "~7.2.24"
      "@mui/utils" "^6.4.9"
      clsx "^2.1.1"
      csstype "^3.1.3"
      hoist-non-react-statics "^3.3.2"
      jss "^10.10.0"
      jss-plugin-camel-case "^10.10.0"
      jss-plugin-default-unit "^10.10.0"
      jss-plugin-global "^10.10.0"
      jss-plugin-nested "^10.10.0"
      jss-plugin-props-sort "^10.10.0"
      jss-plugin-rule-value-function "^10.10.0"
      jss-plugin-vendor-prefixer "^10.10.0"
      prop-types "^15.8.1"
  
  "@mui/system@^5.15.14 || ^6.0.0 || ^7.0.0", "@mui/system@^7.1.0":
    version "7.2.0"
    dependencies:
      "@babel/runtime" "^7.27.6"
      "@mui/private-theming" "^7.2.0"
      "@mui/styled-engine" "^7.2.0"
      "@mui/types" "^7.4.4"
      "@mui/utils" "^7.2.0"
      clsx "^2.1.1"
      csstype "^3.1.3"
      prop-types "^15.8.1"
  
  "@mui/types@^7.4.2", "@mui/types@^7.4.4":
    version "7.4.4"
    dependencies:
      "@babel/runtime" "^7.27.6"
  
  "@mui/types@~7.2.24":
    version "7.2.24"
    resolved "https://registry.npmjs.org/@mui/types/-/types-7.2.24.tgz"
    integrity sha512-3c8tRt/CbWZ+pEg7QpSwbdxOk36EfmhbKf6AGZsD1EcLDLTSZoxxJ86FVtcjxvjuhdyBiWKSTGZFaXCnidO2kw==
  
  "@mui/utils@^5.16.6 || ^6.0.0 || ^7.0.0", "@mui/utils@^7.1.0", "@mui/utils@^7.2.0":
    version "7.2.0"
    dependencies:
      "@babel/runtime" "^7.27.6"
      "@mui/types" "^7.4.4"
      "@types/prop-types" "^15.7.15"
      clsx "^2.1.1"
      prop-types "^15.8.1"
      react-is "^19.1.0"
  
  "@mui/utils@^6.4.9":
    version "6.4.9"
    resolved "https://registry.npmjs.org/@mui/utils/-/utils-6.4.9.tgz"
    integrity sha512-Y12Q9hbK9g+ZY0T3Rxrx9m2m10gaphDuUMgWxyV5kNJevVxXYCLclYUCC9vXaIk1/NdNDTcW2Yfr2OGvNFNmHg==
    dependencies:
      "@babel/runtime" "^7.26.0"
      "@mui/types" "~7.2.24"
      "@types/prop-types" "^15.7.14"
      clsx "^2.1.1"
      prop-types "^15.8.1"
      react-is "^19.0.0"
  
  "@mui/x-date-pickers@^7.0.0":
    version "7.29.4"
    resolved "https://registry.npmjs.org/@mui/x-date-pickers/-/x-date-pickers-7.29.4.tgz"
    integrity sha512-wJ3tsqk/y6dp+mXGtT9czciAMEO5Zr3IIAHg9x6IL0Eqanqy0N3chbmQQZv3iq0m2qUpQDLvZ4utZBUTJdjNzw==
    dependencies:
      "@babel/runtime" "^7.25.7"
      "@mui/utils" "^5.16.6 || ^6.0.0 || ^7.0.0"
      "@mui/x-internals" "7.29.0"
      "@types/react-transition-group" "^4.4.11"
      clsx "^2.1.1"
      prop-types "^15.8.1"
      react-transition-group "^4.4.5"
  
  "@mui/x-internals@7.29.0":
    version "7.29.0"
    resolved "https://registry.npmjs.org/@mui/x-internals/-/x-internals-7.29.0.tgz"
    integrity sha512-+Gk6VTZIFD70XreWvdXBwKd8GZ2FlSCuecQFzm6znwqXg1ZsndavrhG9tkxpxo2fM1Zf7Tk8+HcOO0hCbhTQFA==
    dependencies:
      "@babel/runtime" "^7.25.7"
      "@mui/utils" "^5.16.6 || ^6.0.0 || ^7.0.0"
  
  "@nodelib/fs.scandir@2.1.5":
    version "2.1.5"
    dependencies:
      "@nodelib/fs.stat" "2.0.5"
      run-parallel "^1.1.9"
  
  "@nodelib/fs.stat@^2.0.2", "@nodelib/fs.stat@2.0.5":
    version "2.0.5"
  
  "@nodelib/fs.walk@^1.2.3", "@nodelib/fs.walk@^1.2.8":
    version "1.2.8"
    dependencies:
      "@nodelib/fs.scandir" "2.1.5"
      fastq "^1.6.0"
  
  "@pmmmwh/react-refresh-webpack-plugin@^0.5.4":
    version "0.5.17"
    dependencies:
      ansi-html "^0.0.9"
      core-js-pure "^3.23.3"
      error-stack-parser "^2.0.6"
      html-entities "^2.1.0"
      loader-utils "^2.0.4"
      schema-utils "^4.2.0"
      source-map "^0.7.3"
  
  "@popperjs/core@^2.0.0", "@popperjs/core@^2.10.1", "@popperjs/core@^2.11.8":
    version "2.11.8"
  
  "@react-aria/ssr@^3.5.0":
    version "3.9.9"
    dependencies:
      "@swc/helpers" "^0.5.0"
  
  "@react-hook/latest@^1.0.2":
    version "1.0.3"
    resolved "https://registry.npmjs.org/@react-hook/latest/-/latest-1.0.3.tgz"
    integrity sha512-dy6duzl+JnAZcDbNTfmaP3xHiKtbXYOaz3G51MGVljh548Y8MWzTr+PHLOfvpypEVW9zwvl+VyKjbWKEVbV1Rg==
  
  "@react-hook/passive-layout-effect@^1.2.0":
    version "1.2.1"
    resolved "https://registry.npmjs.org/@react-hook/passive-layout-effect/-/passive-layout-effect-1.2.1.tgz"
    integrity sha512-IwEphTD75liO8g+6taS+4oqz+nnroocNfWVHWz7j+N+ZO2vYrc6PV1q7GQhuahL0IOR7JccFTsFKQ/mb6iZWAg==
  
  "@react-hook/resize-observer@^1.2.1":
    version "1.2.6"
    resolved "https://registry.npmjs.org/@react-hook/resize-observer/-/resize-observer-1.2.6.tgz"
    integrity sha512-DlBXtLSW0DqYYTW3Ft1/GQFZlTdKY5VAFIC4+km6IK5NiPPDFchGbEJm1j6pSgMqPRHbUQgHJX7RaR76ic1LWA==
    dependencies:
      "@juggle/resize-observer" "^3.3.1"
      "@react-hook/latest" "^1.0.2"
      "@react-hook/passive-layout-effect" "^1.2.0"
  
  "@react-hook/size@^2.1.2":
    version "2.1.2"
    resolved "https://registry.npmjs.org/@react-hook/size/-/size-2.1.2.tgz"
    integrity sha512-BmE5asyRDxSuQ9p14FUKJ0iBRgV9cROjqNG9jT/EjCM+xHha1HVqbPoT+14FQg1K7xIydabClCibUY4+1tw/iw==
    dependencies:
      "@react-hook/passive-layout-effect" "^1.2.0"
      "@react-hook/resize-observer" "^1.2.1"
  
  "@remix-run/router@1.23.0":
    version "1.23.0"
  
  "@restart/hooks@^0.4.9":
    version "0.4.16"
    dependencies:
      dequal "^2.0.3"
  
  "@restart/hooks@^0.5.0":
    version "0.5.1"
    dependencies:
      dequal "^2.0.3"
  
  "@restart/ui@^1.9.4":
    version "1.9.4"
    dependencies:
      "@babel/runtime" "^7.26.0"
      "@popperjs/core" "^2.11.8"
      "@react-aria/ssr" "^3.5.0"
      "@restart/hooks" "^0.5.0"
      "@types/warning" "^3.0.3"
      dequal "^2.0.3"
      dom-helpers "^5.2.0"
      uncontrollable "^8.0.4"
      warning "^4.0.3"
  
  "@rolldown/pluginutils@1.0.0-beta.19":
    version "1.0.0-beta.19"
  
  "@rollup/plugin-babel@^5.2.0":
    version "5.3.1"
    dependencies:
      "@babel/helper-module-imports" "^7.10.4"
      "@rollup/pluginutils" "^3.1.0"
  
  "@rollup/plugin-node-resolve@^15.2.3":
    version "15.3.1"
    dependencies:
      "@rollup/pluginutils" "^5.0.1"
      "@types/resolve" "1.20.2"
      deepmerge "^4.2.2"
      is-module "^1.0.0"
      resolve "^1.22.1"
  
  "@rollup/plugin-replace@^2.4.1":
    version "2.4.2"
    dependencies:
      "@rollup/pluginutils" "^3.1.0"
      magic-string "^0.25.7"
  
  "@rollup/plugin-terser@^0.4.3":
    version "0.4.4"
    dependencies:
      serialize-javascript "^6.0.1"
      smob "^1.0.0"
      terser "^5.17.4"
  
  "@rollup/pluginutils@^3.1.0":
    version "3.1.0"
    dependencies:
      "@types/estree" "0.0.39"
      estree-walker "^1.0.1"
      picomatch "^2.2.2"
  
  "@rollup/pluginutils@^5.0.1":
    version "5.2.0"
    dependencies:
      "@types/estree" "^1.0.0"
      estree-walker "^2.0.2"
      picomatch "^4.0.2"
  
  "@rollup/rollup-win32-x64-msvc@4.44.2":
    version "4.44.2"
  
  "@rtsao/scc@^1.1.0":
    version "1.1.0"
  
  "@sindresorhus/is@^0.14.0":
    version "0.14.0"
  
  "@sinonjs/commons@^1.7.0":
    version "1.8.6"
    dependencies:
      type-detect "4.0.8"
  
  "@sinonjs/fake-timers@^8.0.1":
    version "8.1.0"
    dependencies:
      "@sinonjs/commons" "^1.7.0"
  
  "@surma/rollup-plugin-off-main-thread@^2.2.3":
    version "2.2.3"
    dependencies:
      ejs "^3.1.6"
      json5 "^2.2.0"
      magic-string "^0.25.0"
      string.prototype.matchall "^4.0.6"
  
  "@swc/helpers@^0.5.0":
    version "0.5.17"
    dependencies:
      tslib "^2.8.0"
  
  "@szmarczak/http-timer@^1.1.2":
    version "1.1.2"
    dependencies:
      defer-to-connect "^1.0.1"
  
  "@tanstack/query-core@4.40.0":
    version "4.40.0"
  
  "@tanstack/react-query@^4.36.1":
    version "4.40.1"
    dependencies:
      "@tanstack/query-core" "4.40.0"
      use-sync-external-store "^1.2.0"
  
  "@tootallnate/once@1":
    version "1.1.2"
  
  "@trysound/sax@0.2.0":
    version "0.2.0"
  
  "@types/babel__core@^7.0.0", "@types/babel__core@^7.1.14", "@types/babel__core@^7.1.9", "@types/babel__core@^7.20.5":
    version "7.20.5"
    dependencies:
      "@babel/parser" "^7.20.7"
      "@babel/types" "^7.20.7"
      "@types/babel__generator" "*"
      "@types/babel__template" "*"
      "@types/babel__traverse" "*"
  
  "@types/babel__generator@*":
    version "7.27.0"
    dependencies:
      "@babel/types" "^7.0.0"
  
  "@types/babel__template@*":
    version "7.4.4"
    dependencies:
      "@babel/parser" "^7.1.0"
      "@babel/types" "^7.0.0"
  
  "@types/babel__traverse@*", "@types/babel__traverse@^7.0.4", "@types/babel__traverse@^7.0.6":
    version "7.20.7"
    dependencies:
      "@babel/types" "^7.20.7"
  
  "@types/body-parser@*":
    version "1.19.6"
    dependencies:
      "@types/connect" "*"
      "@types/node" "*"
  
  "@types/bonjour@^3.5.9":
    version "3.5.13"
    dependencies:
      "@types/node" "*"
  
  "@types/connect-history-api-fallback@^1.3.5":
    version "1.5.4"
    dependencies:
      "@types/express-serve-static-core" "*"
      "@types/node" "*"
  
  "@types/connect@*":
    version "3.4.38"
    dependencies:
      "@types/node" "*"
  
  "@types/css-modules@^1.0.5":
    version "1.0.5"
    resolved "https://registry.npmjs.org/@types/css-modules/-/css-modules-1.0.5.tgz"
    integrity sha512-oeKafs/df9lwOvtfiXVliZsocFVOexK9PZtLQWuPeuVCFR7jwiqlg60lu80JTe5NFNtH3tnV6Fs/ySR8BUPHAw==
  
  "@types/eslint-scope@^3.7.7":
    version "3.7.7"
    dependencies:
      "@types/eslint" "*"
      "@types/estree" "*"
  
  "@types/eslint@*":
    version "9.6.1"
    dependencies:
      "@types/estree" "*"
      "@types/json-schema" "*"
  
  "@types/estree@*", "@types/estree@^1.0.0", "@types/estree@^1.0.6", "@types/estree@1.0.8":
    version "1.0.8"
  
  "@types/estree@0.0.39":
    version "0.0.39"
  
  "@types/express-serve-static-core@*":
    version "5.0.6"
    dependencies:
      "@types/node" "*"
      "@types/qs" "*"
      "@types/range-parser" "*"
      "@types/send" "*"
  
  "@types/express-serve-static-core@^4.17.33":
    version "4.19.6"
    dependencies:
      "@types/node" "*"
      "@types/qs" "*"
      "@types/range-parser" "*"
      "@types/send" "*"
  
  "@types/express@*", "@types/express@^4.17.13":
    version "4.17.23"
    dependencies:
      "@types/body-parser" "*"
      "@types/express-serve-static-core" "^4.17.33"
      "@types/qs" "*"
      "@types/serve-static" "*"
  
  "@types/graceful-fs@^4.1.2":
    version "4.1.9"
    dependencies:
      "@types/node" "*"
  
  "@types/hoist-non-react-statics@^3.3.0":
    version "3.3.6"
    resolved "https://registry.npmjs.org/@types/hoist-non-react-statics/-/hoist-non-react-statics-3.3.6.tgz"
    integrity sha512-lPByRJUer/iN/xa4qpyL0qmL11DqNW81iU/IG1S3uvRUq4oKagz8VCxZjiWkumgt66YT3vOdDgZ0o32sGKtCEw==
    dependencies:
      "@types/react" "*"
      hoist-non-react-statics "^3.3.0"
  
  "@types/html-minifier-terser@^6.0.0":
    version "6.1.0"
  
  "@types/http-errors@*":
    version "2.0.5"
  
  "@types/http-proxy@^1.17.8":
    version "1.17.16"
    dependencies:
      "@types/node" "*"
  
  "@types/i18next@^11.9.0":
    version "11.9.3"
  
  "@types/istanbul-lib-coverage@*", "@types/istanbul-lib-coverage@^2.0.0", "@types/istanbul-lib-coverage@^2.0.1":
    version "2.0.6"
  
  "@types/istanbul-lib-report@*":
    version "3.0.3"
    dependencies:
      "@types/istanbul-lib-coverage" "*"
  
  "@types/istanbul-reports@^3.0.0":
    version "3.0.4"
    dependencies:
      "@types/istanbul-lib-report" "*"
  
  "@types/json-schema@*", "@types/json-schema@^7.0.15", "@types/json-schema@^7.0.4", "@types/json-schema@^7.0.5", "@types/json-schema@^7.0.8", "@types/json-schema@^7.0.9":
    version "7.0.15"
  
  "@types/json5@^0.0.29":
    version "0.0.29"
  
  "@types/mime@^1":
    version "1.3.5"
  
  "@types/node-forge@^1.3.0":
    version "1.3.12"
    dependencies:
      "@types/node" "*"
  
  "@types/node@*", "@types/node@^18.0.0 || >=20.0.0":
    version "24.0.10"
    dependencies:
      undici-types "~7.8.0"
  
  "@types/node@^14.0.1":
    version "14.18.63"
    resolved "https://registry.npmjs.org/@types/node/-/node-14.18.63.tgz"
    integrity sha512-fAtCfv4jJg+ExtXhvCkCqUKZ+4ok/JQk01qDKhL5BDDoS3AxKXhV5/MAVUZyQnSEd2GT92fkgZl0pz0Q0AzcIQ==
  
  "@types/parse-json@^4.0.0":
    version "4.0.2"
  
  "@types/prettier@^2.1.5":
    version "2.7.3"
  
  "@types/prop-types@*", "@types/prop-types@^15.7.12", "@types/prop-types@^15.7.14", "@types/prop-types@^15.7.15":
    version "15.7.15"
  
  "@types/qs@*":
    version "6.14.0"
  
  "@types/range-parser@*":
    version "1.2.7"
  
  "@types/react-dom@^18.3.1":
    version "18.3.7"
  
  "@types/react-redux@^7.1.20":
    version "7.1.34"
    resolved "https://registry.npmjs.org/@types/react-redux/-/react-redux-7.1.34.tgz"
    integrity sha512-GdFaVjEbYv4Fthm2ZLvj1VSCedV7TqE5y1kNwnjSdBOTXuRSgowux6J8TAct15T3CKBr63UMk+2CO7ilRhyrAQ==
    dependencies:
      "@types/hoist-non-react-statics" "^3.3.0"
      "@types/react" "*"
      hoist-non-react-statics "^3.3.0"
      redux "^4.0.0"
  
  "@types/react-transition-group@^4.4.11", "@types/react-transition-group@^4.4.12", "@types/react-transition-group@^4.4.6":
    version "4.4.12"
  
  "@types/react@*", "@types/react@^17.0.0 || ^18.0.0 || ^19.0.0", "@types/react@^18.0.0", "@types/react@>=16.14.8", "@types/react@>=16.9.11", "@types/react@18.3.1":
    version "18.3.1"
    resolved "https://registry.npmjs.org/@types/react/-/react-18.3.1.tgz"
    integrity sha512-V0kuGBX3+prX+DQ/7r2qsv1NsdfnCLnTgnRJ1pYnxykBhGMz+qj+box5lq7XsO5mtZsBqpjwwTu/7wszPfMBcw==
    dependencies:
      "@types/prop-types" "*"
      csstype "^3.0.2"
  
  "@types/resolve@1.20.2":
    version "1.20.2"
  
  "@types/retry@0.12.0":
    version "0.12.0"
  
  "@types/semver@^7.3.12":
    version "7.7.0"
    resolved "https://registry.npmjs.org/@types/semver/-/semver-7.7.0.tgz"
    integrity sha512-k107IF4+Xr7UHjwDc7Cfd6PRQfbdkiRabXGRjo07b4WyPahFBZCZ1sE+BNxYIJPPg73UkfOsVOLwqVc/6ETrIA==
  
  "@types/send@*":
    version "0.17.5"
    dependencies:
      "@types/mime" "^1"
      "@types/node" "*"
  
  "@types/serve-index@^1.9.1":
    version "1.9.4"
    dependencies:
      "@types/express" "*"
  
  "@types/serve-static@*", "@types/serve-static@^1.13.10":
    version "1.15.8"
    dependencies:
      "@types/http-errors" "*"
      "@types/node" "*"
      "@types/send" "*"
  
  "@types/sockjs@^0.3.33":
    version "0.3.36"
    dependencies:
      "@types/node" "*"
  
  "@types/stack-utils@^2.0.0":
    version "2.0.3"
  
  "@types/trusted-types@^2.0.2":
    version "2.0.7"
  
  "@types/warning@^3.0.3":
    version "3.0.3"
  
  "@types/ws@^8.5.5":
    version "8.18.1"
    dependencies:
      "@types/node" "*"
  
  "@types/yargs-parser@*":
    version "21.0.3"
  
  "@types/yargs@^16.0.0":
    version "16.0.9"
    dependencies:
      "@types/yargs-parser" "*"
  
  "@typescript-eslint/eslint-plugin@^5.50.0":
    version "5.62.0"
    resolved "https://registry.npmjs.org/@typescript-eslint/eslint-plugin/-/eslint-plugin-5.62.0.tgz"
    integrity sha512-TiZzBSJja/LbhNPvk6yc0JrX9XqhQ0hdh6M2svYfsHGejaKFIAGd9MQ+ERIMzLGlN/kZoYIgdxFV0PuljTKXag==
    dependencies:
      "@eslint-community/regexpp" "^4.4.0"
      "@typescript-eslint/scope-manager" "5.62.0"
      "@typescript-eslint/type-utils" "5.62.0"
      "@typescript-eslint/utils" "5.62.0"
      debug "^4.3.4"
      graphemer "^1.4.0"
      ignore "^5.2.0"
      natural-compare-lite "^1.4.0"
      semver "^7.3.7"
      tsutils "^3.21.0"
  
  "@typescript-eslint/parser@^5.0.0", "@typescript-eslint/parser@^5.50.0":
    version "5.62.0"
    dependencies:
      "@typescript-eslint/scope-manager" "5.62.0"
      "@typescript-eslint/types" "5.62.0"
      "@typescript-eslint/typescript-estree" "5.62.0"
      debug "^4.3.4"
  
  "@typescript-eslint/scope-manager@5.62.0":
    version "5.62.0"
    dependencies:
      "@typescript-eslint/types" "5.62.0"
      "@typescript-eslint/visitor-keys" "5.62.0"
  
  "@typescript-eslint/type-utils@5.62.0":
    version "5.62.0"
    resolved "https://registry.npmjs.org/@typescript-eslint/type-utils/-/type-utils-5.62.0.tgz"
    integrity sha512-xsSQreu+VnfbqQpW5vnCJdq1Z3Q0U31qiWmRhr98ONQmcp/yhiPJFPq8MXiJVLiksmOKSjIldZzkebzHuCGzew==
    dependencies:
      "@typescript-eslint/typescript-estree" "5.62.0"
      "@typescript-eslint/utils" "5.62.0"
      debug "^4.3.4"
      tsutils "^3.21.0"
  
  "@typescript-eslint/types@5.62.0":
    version "5.62.0"
  
  "@typescript-eslint/typescript-estree@5.62.0":
    version "5.62.0"
    dependencies:
      "@typescript-eslint/types" "5.62.0"
      "@typescript-eslint/visitor-keys" "5.62.0"
      debug "^4.3.4"
      globby "^11.1.0"
      is-glob "^4.0.3"
      semver "^7.3.7"
      tsutils "^3.21.0"
  
  "@typescript-eslint/utils@5.62.0":
    version "5.62.0"
    resolved "https://registry.npmjs.org/@typescript-eslint/utils/-/utils-5.62.0.tgz"
    integrity sha512-n8oxjeb5aIbPFEtmQxQYOLI0i9n5ySBEY/ZEHHZqKQSFnxio1rv6dthascc9dLuwrL0RC5mPCxB7vnAVGAYWAQ==
    dependencies:
      "@eslint-community/eslint-utils" "^4.2.0"
      "@types/json-schema" "^7.0.9"
      "@types/semver" "^7.3.12"
      "@typescript-eslint/scope-manager" "5.62.0"
      "@typescript-eslint/types" "5.62.0"
      "@typescript-eslint/typescript-estree" "5.62.0"
      eslint-scope "^5.1.1"
      semver "^7.3.7"
  
  "@typescript-eslint/visitor-keys@5.62.0":
    version "5.62.0"
    dependencies:
      "@typescript-eslint/types" "5.62.0"
      eslint-visitor-keys "^3.3.0"
  
  "@ungap/structured-clone@^1.2.0":
    version "1.3.0"
  
  "@vitejs/plugin-react@^4.2.1":
    version "4.6.0"
    dependencies:
      "@babel/core" "^7.27.4"
      "@babel/plugin-transform-react-jsx-self" "^7.27.1"
      "@babel/plugin-transform-react-jsx-source" "^7.27.1"
      "@rolldown/pluginutils" "1.0.0-beta.19"
      "@types/babel__core" "^7.20.5"
      react-refresh "^0.17.0"
  
  "@webassemblyjs/ast@^1.14.1", "@webassemblyjs/ast@1.14.1":
    version "1.14.1"
    dependencies:
      "@webassemblyjs/helper-numbers" "1.13.2"
      "@webassemblyjs/helper-wasm-bytecode" "1.13.2"
  
  "@webassemblyjs/floating-point-hex-parser@1.13.2":
    version "1.13.2"
  
  "@webassemblyjs/helper-api-error@1.13.2":
    version "1.13.2"
  
  "@webassemblyjs/helper-buffer@1.14.1":
    version "1.14.1"
  
  "@webassemblyjs/helper-numbers@1.13.2":
    version "1.13.2"
    dependencies:
      "@webassemblyjs/floating-point-hex-parser" "1.13.2"
      "@webassemblyjs/helper-api-error" "1.13.2"
      "@xtuc/long" "4.2.2"
  
  "@webassemblyjs/helper-wasm-bytecode@1.13.2":
    version "1.13.2"
  
  "@webassemblyjs/helper-wasm-section@1.14.1":
    version "1.14.1"
    dependencies:
      "@webassemblyjs/ast" "1.14.1"
      "@webassemblyjs/helper-buffer" "1.14.1"
      "@webassemblyjs/helper-wasm-bytecode" "1.13.2"
      "@webassemblyjs/wasm-gen" "1.14.1"
  
  "@webassemblyjs/ieee754@1.13.2":
    version "1.13.2"
    dependencies:
      "@xtuc/ieee754" "^1.2.0"
  
  "@webassemblyjs/leb128@1.13.2":
    version "1.13.2"
    dependencies:
      "@xtuc/long" "4.2.2"
  
  "@webassemblyjs/utf8@1.13.2":
    version "1.13.2"
  
  "@webassemblyjs/wasm-edit@^1.14.1":
    version "1.14.1"
    dependencies:
      "@webassemblyjs/ast" "1.14.1"
      "@webassemblyjs/helper-buffer" "1.14.1"
      "@webassemblyjs/helper-wasm-bytecode" "1.13.2"
      "@webassemblyjs/helper-wasm-section" "1.14.1"
      "@webassemblyjs/wasm-gen" "1.14.1"
      "@webassemblyjs/wasm-opt" "1.14.1"
      "@webassemblyjs/wasm-parser" "1.14.1"
      "@webassemblyjs/wast-printer" "1.14.1"
  
  "@webassemblyjs/wasm-gen@1.14.1":
    version "1.14.1"
    dependencies:
      "@webassemblyjs/ast" "1.14.1"
      "@webassemblyjs/helper-wasm-bytecode" "1.13.2"
      "@webassemblyjs/ieee754" "1.13.2"
      "@webassemblyjs/leb128" "1.13.2"
      "@webassemblyjs/utf8" "1.13.2"
  
  "@webassemblyjs/wasm-opt@1.14.1":
    version "1.14.1"
    dependencies:
      "@webassemblyjs/ast" "1.14.1"
      "@webassemblyjs/helper-buffer" "1.14.1"
      "@webassemblyjs/wasm-gen" "1.14.1"
      "@webassemblyjs/wasm-parser" "1.14.1"
  
  "@webassemblyjs/wasm-parser@^1.14.1", "@webassemblyjs/wasm-parser@1.14.1":
    version "1.14.1"
    dependencies:
      "@webassemblyjs/ast" "1.14.1"
      "@webassemblyjs/helper-api-error" "1.13.2"
      "@webassemblyjs/helper-wasm-bytecode" "1.13.2"
      "@webassemblyjs/ieee754" "1.13.2"
      "@webassemblyjs/leb128" "1.13.2"
      "@webassemblyjs/utf8" "1.13.2"
  
  "@webassemblyjs/wast-printer@1.14.1":
    version "1.14.1"
    dependencies:
      "@webassemblyjs/ast" "1.14.1"
      "@xtuc/long" "4.2.2"
  
  "@xtuc/ieee754@^1.2.0":
    version "1.2.0"
  
  "@xtuc/long@4.2.2":
    version "4.2.2"
  
  "@yarnpkg/lockfile@^1.1.0":
    version "1.1.0"
  
  abab@^2.0.3, abab@^2.0.5:
    version "2.0.6"
  
  accepts@~1.3.4, accepts@~1.3.8:
    version "1.3.8"
    dependencies:
      mime-types "~2.1.34"
      negotiator "0.6.3"
  
  acorn-class-fields@^0.3.7:
    version "0.3.7"
    dependencies:
      acorn-private-class-elements "^0.2.7"
  
  acorn-dynamic-import@^4.0.0:
    version "4.0.0"
  
  acorn-globals@^6.0.0:
    version "6.0.0"
    dependencies:
      acorn "^7.1.1"
      acorn-walk "^7.1.1"
  
  acorn-jsx@^5.3.1, acorn-jsx@^5.3.2:
    version "5.3.2"
  
  acorn-private-class-elements@^0.2.7:
    version "0.2.7"
  
  acorn-private-methods@^0.3.3:
    version "0.3.3"
    dependencies:
      acorn-private-class-elements "^0.2.7"
  
  acorn-stage3@^4.0.0:
    version "4.0.0"
    dependencies:
      acorn-class-fields "^0.3.7"
      acorn-private-methods "^0.3.3"
      acorn-static-class-features "^0.2.4"
  
  acorn-static-class-features@^0.2.4:
    version "0.2.4"
    dependencies:
      acorn-private-class-elements "^0.2.7"
  
  acorn-walk@^7.1.1:
    version "7.2.0"
  
  acorn-walk@^8.0.0:
    version "8.3.4"
    dependencies:
      acorn "^8.11.0"
  
  "acorn@^6 || ^7 || ^8", acorn@^6.0.0, "acorn@^6.0.0 || ^7.0.0 || ^8.0.0", "acorn@^6.1.0 || ^7 || ^8", "acorn@^7.4 || ^8", acorn@^8.0.4, acorn@^8.11.0, acorn@^8.12.1, acorn@^8.14.0, acorn@^8.2.4, acorn@^8.9.0:
    version "8.15.0"
  
  acorn@^7.1.1:
    version "7.4.1"
  
  address@^1.0.1, address@^1.1.2:
    version "1.2.2"
  
  adler-32@~1.3.0:
    version "1.3.1"
    resolved "https://registry.npmjs.org/adler-32/-/adler-32-1.3.1.tgz"
    integrity sha512-ynZ4w/nUUv5rrsR8UUGoe1VC9hZj6V5hU9Qw1HlMDJGEJw5S7TfTErWTjMys6M7vr0YWcPqs3qAr4ss0nDfP+A==
  
  agent-base@6:
    version "6.0.2"
    dependencies:
      debug "4"
  
  ajv-formats@^2.1.1:
    version "2.1.1"
    dependencies:
      ajv "^8.0.0"
  
  ajv-keywords@^3.4.1, ajv-keywords@^3.5.2:
    version "3.5.2"
  
  ajv-keywords@^5.1.0:
    version "5.1.0"
    dependencies:
      fast-deep-equal "^3.1.3"
  
  ajv@^6.12.2, ajv@^6.12.3, ajv@^6.12.4, ajv@^6.12.5, ajv@^6.9.1:
    version "6.12.6"
    resolved "https://registry.npmjs.org/ajv/-/ajv-6.12.6.tgz"
    integrity sha512-j3fVLgvTo527anyYyJOGTYJbG+vnnQYvE0m5mmkc1TK+nxAppkCLMIL0aZ4dblVCNoGShhm+kzE4ZUykBoMg4g==
    dependencies:
      fast-deep-equal "^3.1.1"
      fast-json-stable-stringify "^2.0.0"
      json-schema-traverse "^0.4.1"
      uri-js "^4.2.2"
  
  ajv@^8.0.0:
    version "8.17.1"
    resolved "https://registry.npmjs.org/ajv/-/ajv-8.17.1.tgz"
    integrity sha512-B/gBuNg5SiMTrPkC+A2+cW0RszwxYmn6VYxB/inlBStS5nx6xHIt/ehKRhIMhqusl7a8LjQoZnjCs5vhwxOQ1g==
    dependencies:
      fast-deep-equal "^3.1.3"
      fast-uri "^3.0.1"
      json-schema-traverse "^1.0.0"
      require-from-string "^2.0.2"
  
  ajv@^8.6.0, ajv@>=8:
    version "8.17.1"
    resolved "https://registry.npmjs.org/ajv/-/ajv-8.17.1.tgz"
    integrity sha512-B/gBuNg5SiMTrPkC+A2+cW0RszwxYmn6VYxB/inlBStS5nx6xHIt/ehKRhIMhqusl7a8LjQoZnjCs5vhwxOQ1g==
    dependencies:
      fast-deep-equal "^3.1.3"
      fast-uri "^3.0.1"
      json-schema-traverse "^1.0.0"
      require-from-string "^2.0.2"
  
  ajv@^8.8.2, ajv@^8.9.0:
    version "8.17.1"
    resolved "https://registry.npmjs.org/ajv/-/ajv-8.17.1.tgz"
    integrity sha512-B/gBuNg5SiMTrPkC+A2+cW0RszwxYmn6VYxB/inlBStS5nx6xHIt/ehKRhIMhqusl7a8LjQoZnjCs5vhwxOQ1g==
    dependencies:
      fast-deep-equal "^3.1.3"
      fast-uri "^3.0.1"
      json-schema-traverse "^1.0.0"
      require-from-string "^2.0.2"
  
  ansi-align@^3.0.0:
    version "3.0.1"
    dependencies:
      string-width "^4.1.0"
  
  ansi-escapes@^4.2.1:
    version "4.3.2"
    dependencies:
      type-fest "^0.21.3"
  
  ansi-html-community@^0.0.8:
    version "0.0.8"
  
  ansi-html@^0.0.9:
    version "0.0.9"
  
  ansi-regex@^3.0.0:
    version "3.0.1"
  
  ansi-regex@^4.1.0:
    version "4.1.1"
  
  ansi-regex@^5.0.1:
    version "5.0.1"
  
  ansi-regex@^6.0.1:
    version "6.1.0"
    resolved "https://registry.npmjs.org/ansi-regex/-/ansi-regex-6.1.0.tgz"
    integrity sha512-7HSX4QQb4CspciLpVFwyRe79O3xsIZDDLER21kERQ71oaPodF8jL725AgJMFAYbooIqolJoRLuM81SpeUkpkvA==
  
  ansi-styles@^3.2.0:
    version "3.2.1"
    dependencies:
      color-convert "^1.9.0"
  
  ansi-styles@^3.2.1:
    version "3.2.1"
    dependencies:
      color-convert "^1.9.0"
  
  ansi-styles@^4.0.0, ansi-styles@^4.1.0:
    version "4.3.0"
    dependencies:
      color-convert "^2.0.1"
  
  ansi-styles@^5.0.0:
    version "5.2.0"
  
  ansi-styles@^6.1.0:
    version "6.2.1"
  
  ansi-styles@^6.2.1:
    version "6.2.1"
    resolved "https://registry.npmjs.org/ansi-styles/-/ansi-styles-6.2.1.tgz"
    integrity sha512-bN798gFfQX+viw3R7yrGWRqnrN2oRkEkUjjl4JNn4E8GxxbjtG3FbrEIIY3l8/hrwUwIeCZvi4QuOTP4MErVug==
  
  anymatch@^3.0.3, anymatch@~3.1.2:
    version "3.1.3"
    dependencies:
      normalize-path "^3.0.0"
      picomatch "^2.0.4"
  
  append-buffer@^1.0.2:
    version "1.0.2"
    dependencies:
      buffer-equal "^1.0.0"
  
  archiver-utils@^2.1.0:
    version "2.1.0"
    dependencies:
      glob "^7.1.4"
      graceful-fs "^4.2.0"
      lazystream "^1.0.0"
      lodash.defaults "^4.2.0"
      lodash.difference "^4.5.0"
      lodash.flatten "^4.4.0"
      lodash.isplainobject "^4.0.6"
      lodash.union "^4.6.0"
      normalize-path "^3.0.0"
      readable-stream "^2.0.0"
  
  archiver-utils@^3.0.4:
    version "3.0.4"
    resolved "https://registry.npmjs.org/archiver-utils/-/archiver-utils-3.0.4.tgz"
    integrity sha512-KVgf4XQVrTjhyWmx6cte4RxonPLR9onExufI1jhvw/MQ4BB6IsZD5gT8Lq+u/+pRkWna/6JoHpiQioaqFP5Rzw==
    dependencies:
      glob "^7.2.3"
      graceful-fs "^4.2.0"
      lazystream "^1.0.0"
      lodash.defaults "^4.2.0"
      lodash.difference "^4.5.0"
      lodash.flatten "^4.4.0"
      lodash.isplainobject "^4.0.6"
      lodash.union "^4.6.0"
      normalize-path "^3.0.0"
      readable-stream "^3.6.0"
  
  archiver@^3.1.1:
    version "3.1.1"
    dependencies:
      archiver-utils "^2.1.0"
      async "^2.6.3"
      buffer-crc32 "^0.2.1"
      glob "^7.1.4"
      readable-stream "^3.4.0"
      tar-stream "^2.1.0"
      zip-stream "^2.1.2"
  
  archiver@^5.0.0:
    version "5.3.2"
    resolved "https://registry.npmjs.org/archiver/-/archiver-5.3.2.tgz"
    integrity sha512-+25nxyyznAXF7Nef3y0EbBeqmGZgeN/BxHX29Rs39djAfaFalmQ89SE6CWyDCHzGL0yt/ycBtNOmGTW0FyGWNw==
    dependencies:
      archiver-utils "^2.1.0"
      async "^3.2.4"
      buffer-crc32 "^0.2.1"
      readable-stream "^3.6.0"
      readdir-glob "^1.1.2"
      tar-stream "^2.2.0"
      zip-stream "^4.1.0"
  
  argparse@^1.0.7:
    version "1.0.10"
    dependencies:
      sprintf-js "~1.0.2"
  
  argparse@^2.0.1:
    version "2.0.1"
  
  array-buffer-byte-length@^1.0.1, array-buffer-byte-length@^1.0.2:
    version "1.0.2"
    dependencies:
      call-bound "^1.0.3"
      is-array-buffer "^3.0.5"
  
  array-flatten@1.1.1:
    version "1.1.1"
  
  array-includes@^3.1.6, array-includes@^3.1.8, array-includes@^3.1.9:
    version "3.1.9"
    dependencies:
      call-bind "^1.0.8"
      call-bound "^1.0.4"
      define-properties "^1.2.1"
      es-abstract "^1.24.0"
      es-object-atoms "^1.1.1"
      get-intrinsic "^1.3.0"
      is-string "^1.1.1"
      math-intrinsics "^1.1.0"
  
  array-union@^2.1.0:
    version "2.1.0"
  
  array.prototype.findlast@^1.2.5:
    version "1.2.5"
    dependencies:
      call-bind "^1.0.7"
      define-properties "^1.2.1"
      es-abstract "^1.23.2"
      es-errors "^1.3.0"
      es-object-atoms "^1.0.0"
      es-shim-unscopables "^1.0.2"
  
  array.prototype.findlastindex@^1.2.6:
    version "1.2.6"
    dependencies:
      call-bind "^1.0.8"
      call-bound "^1.0.4"
      define-properties "^1.2.1"
      es-abstract "^1.23.9"
      es-errors "^1.3.0"
      es-object-atoms "^1.1.1"
      es-shim-unscopables "^1.1.0"
  
  array.prototype.flat@^1.3.1, array.prototype.flat@^1.3.3:
    version "1.3.3"
    dependencies:
      call-bind "^1.0.8"
      define-properties "^1.2.1"
      es-abstract "^1.23.5"
      es-shim-unscopables "^1.0.2"
  
  array.prototype.flatmap@^1.3.3:
    version "1.3.3"
    dependencies:
      call-bind "^1.0.8"
      define-properties "^1.2.1"
      es-abstract "^1.23.5"
      es-shim-unscopables "^1.0.2"
  
  array.prototype.tosorted@^1.1.4:
    version "1.1.4"
    dependencies:
      call-bind "^1.0.7"
      define-properties "^1.2.1"
      es-abstract "^1.23.3"
      es-errors "^1.3.0"
      es-shim-unscopables "^1.0.2"
  
  arraybuffer.prototype.slice@^1.0.4:
    version "1.0.4"
    dependencies:
      array-buffer-byte-length "^1.0.1"
      call-bind "^1.0.8"
      define-properties "^1.2.1"
      es-abstract "^1.23.5"
      es-errors "^1.3.0"
      get-intrinsic "^1.2.6"
      is-array-buffer "^3.0.4"
  
  asn1@~0.2.3:
    version "0.2.6"
    dependencies:
      safer-buffer "~2.1.0"
  
  assert-plus@^1.0.0, assert-plus@1.0.0:
    version "1.0.0"
  
  async-function@^1.0.0:
    version "1.0.0"
  
  async@^2.6.3:
    version "2.6.4"
    dependencies:
      lodash "^4.17.14"
  
  async@^3.2.3:
    version "3.2.6"
  
  async@^3.2.4:
    version "3.2.6"
    resolved "https://registry.npmjs.org/async/-/async-3.2.6.tgz"
    integrity sha512-htCUDlxyyCLMgaM3xXg0C0LW2xqfuQ6p05pCEIsXuyQ+a1koYKTuBMzRNwmybfLgvJDMd0r1LTn4+E0Ti6C2AA==
  
  asynckit@^0.4.0:
    version "0.4.0"
  
  at-least-node@^1.0.0:
    version "1.0.0"
  
  author-regex@^1.0.0:
    version "1.0.0"
  
  available-typed-arrays@^1.0.7:
    version "1.0.7"
    dependencies:
      possible-typed-array-names "^1.0.0"
  
  aws-sign2@~0.7.0:
    version "0.7.0"
  
  aws4@^1.8.0:
    version "1.13.2"
  
  axios@^0.25.0:
    version "0.25.0"
    dependencies:
      follow-redirects "^1.14.7"
  
  babel-jest@^27.0.6, babel-jest@^27.5.1:
    version "27.5.1"
    dependencies:
      "@jest/transform" "^27.5.1"
      "@jest/types" "^27.5.1"
      "@types/babel__core" "^7.1.14"
      babel-plugin-istanbul "^6.1.1"
      babel-preset-jest "^27.5.1"
      chalk "^4.0.0"
      graceful-fs "^4.2.9"
      slash "^3.0.0"
  
  babel-loader@^8.1.0:
    version "8.4.1"
    dependencies:
      find-cache-dir "^3.3.1"
      loader-utils "^2.0.4"
      make-dir "^3.1.0"
      schema-utils "^2.6.5"
  
  babel-plugin-istanbul@^6.1.1:
    version "6.1.1"
    dependencies:
      "@babel/helper-plugin-utils" "^7.0.0"
      "@istanbuljs/load-nyc-config" "^1.0.0"
      "@istanbuljs/schema" "^0.1.2"
      istanbul-lib-instrument "^5.0.4"
      test-exclude "^6.0.0"
  
  babel-plugin-jest-hoist@^27.5.1:
    version "27.5.1"
    dependencies:
      "@babel/template" "^7.3.3"
      "@babel/types" "^7.3.3"
      "@types/babel__core" "^7.0.0"
      "@types/babel__traverse" "^7.0.6"
  
  babel-plugin-macros@^3.1.0:
    version "3.1.0"
    resolved "https://registry.npmjs.org/babel-plugin-macros/-/babel-plugin-macros-3.1.0.tgz"
    integrity sha512-Cg7TFGpIr01vOQNODXOOaGz2NpCU5gl8x1qJFbb6hbZxR7XrcE2vtbAsTAbJ7/xwJtUuJEw8K8Zr/AE0LHlesg==
    dependencies:
      "@babel/runtime" "^7.12.5"
      cosmiconfig "^7.0.0"
      resolve "^1.19.0"
  
  babel-plugin-polyfill-corejs2@^0.4.14:
    version "0.4.14"
    dependencies:
      "@babel/compat-data" "^7.27.7"
      "@babel/helper-define-polyfill-provider" "^0.6.5"
      semver "^6.3.1"
  
  babel-plugin-polyfill-corejs3@^0.13.0:
    version "0.13.0"
    dependencies:
      "@babel/helper-define-polyfill-provider" "^0.6.5"
      core-js-compat "^3.43.0"
  
  babel-plugin-polyfill-regenerator@^0.6.5:
    version "0.6.5"
    dependencies:
      "@babel/helper-define-polyfill-provider" "^0.6.5"
  
  babel-plugin-react-require@^3.1.3:
    version "3.1.3"
  
  babel-preset-current-node-syntax@^1.0.0:
    version "1.1.0"
    dependencies:
      "@babel/plugin-syntax-async-generators" "^7.8.4"
      "@babel/plugin-syntax-bigint" "^7.8.3"
      "@babel/plugin-syntax-class-properties" "^7.12.13"
      "@babel/plugin-syntax-class-static-block" "^7.14.5"
      "@babel/plugin-syntax-import-attributes" "^7.24.7"
      "@babel/plugin-syntax-import-meta" "^7.10.4"
      "@babel/plugin-syntax-json-strings" "^7.8.3"
      "@babel/plugin-syntax-logical-assignment-operators" "^7.10.4"
      "@babel/plugin-syntax-nullish-coalescing-operator" "^7.8.3"
      "@babel/plugin-syntax-numeric-separator" "^7.10.4"
      "@babel/plugin-syntax-object-rest-spread" "^7.8.3"
      "@babel/plugin-syntax-optional-catch-binding" "^7.8.3"
      "@babel/plugin-syntax-optional-chaining" "^7.8.3"
      "@babel/plugin-syntax-private-property-in-object" "^7.14.5"
      "@babel/plugin-syntax-top-level-await" "^7.14.5"
  
  babel-preset-jest@^27.5.1:
    version "27.5.1"
    dependencies:
      babel-plugin-jest-hoist "^27.5.1"
      babel-preset-current-node-syntax "^1.0.0"
  
  balanced-match@^1.0.0:
    version "1.0.2"
  
  base64-js@^1.3.1:
    version "1.5.1"
  
  batch@0.6.1:
    version "0.6.1"
  
  bcrypt-pbkdf@^1.0.0:
    version "1.0.2"
    dependencies:
      tweetnacl "^0.14.3"
  
  belter@^1.0.41:
    version "1.0.190"
    dependencies:
      cross-domain-safe-weakmap "^1"
      cross-domain-utils "^2"
      zalgo-promise "^1"
  
  big-integer@^1.6.17:
    version "1.6.52"
    resolved "https://registry.npmjs.org/big-integer/-/big-integer-1.6.52.tgz"
    integrity sha512-QxD8cf2eVqJOOz63z6JIN9BzvVs/dlySa5HGSBH5xtR8dPteIRQnBxxKqkNTiT6jbDTF6jAfrd4oMcND9RGbQg==
  
  big.js@^5.2.2:
    version "5.2.2"
  
  binary-extensions@^2.0.0:
    version "2.3.0"
  
  binary@~0.3.0:
    version "0.3.0"
    resolved "https://registry.npmjs.org/binary/-/binary-0.3.0.tgz"
    integrity sha512-D4H1y5KYwpJgK8wk1Cue5LLPgmwHKYSChkbspQg5JtVuR5ulGckxfR62H3AE9UDkdMC8yyXlqYihuz3Aqg2XZg==
    dependencies:
      buffers "~0.1.1"
      chainsaw "~0.1.0"
  
  bl@^4.0.3:
    version "4.1.0"
    dependencies:
      buffer "^5.5.0"
      inherits "^2.0.4"
      readable-stream "^3.4.0"
  
  bluebird@^3.5.3:
    version "3.7.2"
  
  bluebird@~3.4.1:
    version "3.4.7"
    resolved "https://registry.npmjs.org/bluebird/-/bluebird-3.4.7.tgz"
    integrity sha512-iD3898SR7sWVRHbiQv+sHUtHnMvC1o3nW5rAcqnq3uOn07DSAppZYUkIGslDz6gXC7HfunPe7YVBgoEJASPcHA==
  
  body-parser@1.20.3:
    version "1.20.3"
    dependencies:
      bytes "3.1.2"
      content-type "~1.0.5"
      debug "2.6.9"
      depd "2.0.0"
      destroy "1.2.0"
      http-errors "2.0.0"
      iconv-lite "0.4.24"
      on-finished "2.4.1"
      qs "6.13.0"
      raw-body "2.5.2"
      type-is "~1.6.18"
      unpipe "1.0.0"
  
  bonjour-service@^1.0.11:
    version "1.3.0"
    dependencies:
      fast-deep-equal "^3.1.3"
      multicast-dns "^7.2.5"
  
  boolbase@^1.0.0:
    version "1.0.0"
  
  bootstrap@^5.3.3:
    version "5.3.7"
  
  boxen@^3.0.0:
    version "3.2.0"
    dependencies:
      ansi-align "^3.0.0"
      camelcase "^5.3.1"
      chalk "^2.4.2"
      cli-boxes "^2.2.0"
      string-width "^3.0.0"
      term-size "^1.2.0"
      type-fest "^0.3.0"
      widest-line "^2.0.0"
  
  brace-expansion@^1.1.7:
    version "1.1.12"
    dependencies:
      balanced-match "^1.0.0"
      concat-map "0.0.1"
  
  brace-expansion@^2.0.1:
    version "2.0.2"
    dependencies:
      balanced-match "^1.0.0"
  
  braces@^3.0.3, braces@~3.0.2:
    version "3.0.3"
    dependencies:
      fill-range "^7.1.1"
  
  browser-process-hrtime@^1.0.0:
    version "1.0.0"
  
  browserslist@^4.0.0, browserslist@^4.18.1, browserslist@^4.21.4, browserslist@^4.24.0, browserslist@^4.25.1, "browserslist@>= 4.21.0":
    version "4.25.1"
    dependencies:
      caniuse-lite "^1.0.30001726"
      electron-to-chromium "^1.5.173"
      node-releases "^2.0.19"
      update-browserslist-db "^1.1.3"
  
  bser@2.1.1:
    version "2.1.1"
    dependencies:
      node-int64 "^0.4.0"
  
  btoa@^1.2.1:
    version "1.2.1"
  
  buffer-crc32@^0.2.1, buffer-crc32@^0.2.13:
    version "0.2.13"
  
  buffer-equal@^1.0.0:
    version "1.0.1"
  
  buffer-from@^1.0.0:
    version "1.1.2"
  
  buffer-indexof-polyfill@~1.0.0:
    version "1.0.2"
    resolved "https://registry.npmjs.org/buffer-indexof-polyfill/-/buffer-indexof-polyfill-1.0.2.tgz"
    integrity sha512-I7wzHwA3t1/lwXQh+A5PbNvJxgfo5r3xulgpYDB5zckTu/Z9oUK9biouBKQUjEqzaz3HnAT6TYoovmE+GqSf7A==
  
  buffer@^5.1.0, buffer@^5.5.0:
    version "5.7.1"
    dependencies:
      base64-js "^1.3.1"
      ieee754 "^1.1.13"
  
  bufferhelper@^0.2.1:
    version "0.2.1"
  
  buffers@~0.1.1:
    version "0.1.1"
    resolved "https://registry.npmjs.org/buffers/-/buffers-0.1.1.tgz"
    integrity sha512-9q/rDEGSb/Qsvv2qvzIzdluL5k7AaJOTrw23z9reQthrbF7is4CtlT0DXyO1oei2DCp4uojjzQ7igaSHp1kAEQ==
  
  builtin-modules@^3.3.0:
    version "3.3.0"
  
  builtins@^5.0.1:
    version "5.1.0"
    dependencies:
      semver "^7.0.0"
  
  bytes@3.1.2:
    version "3.1.2"
  
  cacheable-request@^6.0.0:
    version "6.1.0"
    dependencies:
      clone-response "^1.0.2"
      get-stream "^5.1.0"
      http-cache-semantics "^4.0.0"
      keyv "^3.0.0"
      lowercase-keys "^2.0.0"
      normalize-url "^4.1.0"
      responselike "^1.0.2"
  
  call-bind-apply-helpers@^1.0.0, call-bind-apply-helpers@^1.0.1, call-bind-apply-helpers@^1.0.2:
    version "1.0.2"
    dependencies:
      es-errors "^1.3.0"
      function-bind "^1.1.2"
  
  call-bind@^1.0.7, call-bind@^1.0.8:
    version "1.0.8"
    dependencies:
      call-bind-apply-helpers "^1.0.0"
      es-define-property "^1.0.0"
      get-intrinsic "^1.2.4"
      set-function-length "^1.2.2"
  
  call-bound@^1.0.2, call-bound@^1.0.3, call-bound@^1.0.4:
    version "1.0.4"
    dependencies:
      call-bind-apply-helpers "^1.0.2"
      get-intrinsic "^1.3.0"
  
  callsites@^3.0.0:
    version "3.1.0"
  
  camel-case@^4.1.2:
    version "4.1.2"
    dependencies:
      pascal-case "^3.1.2"
      tslib "^2.0.3"
  
  camelcase@^5.0.0, camelcase@^5.3.1:
    version "5.3.1"
  
  camelcase@^6.2.0:
    version "6.3.0"
  
  caniuse-api@^3.0.0:
    version "3.0.0"
    dependencies:
      browserslist "^4.0.0"
      caniuse-lite "^1.0.0"
      lodash.memoize "^4.1.2"
      lodash.uniq "^4.5.0"
  
  caniuse-lite@^1.0.0, caniuse-lite@^1.0.30001726:
    version "1.0.30001727"
  
  caseless@~0.12.0:
    version "0.12.0"
  
  cfb@~1.2.1:
    version "1.2.2"
    resolved "https://registry.npmjs.org/cfb/-/cfb-1.2.2.tgz"
    integrity sha512-KfdUZsSOw19/ObEWasvBP/Ac4reZvAGauZhs6S/gqNhXhI7cKwvlH7ulj+dOEYnca4bm4SGo8C1bTAQvnTjgQA==
    dependencies:
      adler-32 "~1.3.0"
      crc-32 "~1.2.0"
  
  chainsaw@~0.1.0:
    version "0.1.0"
    resolved "https://registry.npmjs.org/chainsaw/-/chainsaw-0.1.0.tgz"
    integrity sha512-75kWfWt6MEKNC8xYXIdRpDehRYY/tNSgwKaJq+dbbDcxORuVrrQ+SEHoWsniVn9XPYfP4gmdWIeDk/4YNp1rNQ==
    dependencies:
      traverse ">=0.3.0 <0.4"
  
  chalk@^2.0.1:
    version "2.4.2"
    dependencies:
      ansi-styles "^3.2.1"
      escape-string-regexp "^1.0.5"
      supports-color "^5.3.0"
  
  chalk@^2.4.2:
    version "2.4.2"
    dependencies:
      ansi-styles "^3.2.1"
      escape-string-regexp "^1.0.5"
      supports-color "^5.3.0"
  
  chalk@^3.0.0:
    version "3.0.0"
    dependencies:
      ansi-styles "^4.1.0"
      supports-color "^7.1.0"
  
  chalk@^4.0.0:
    version "4.1.2"
    dependencies:
      ansi-styles "^4.1.0"
      supports-color "^7.1.0"
  
  chalk@^4.0.2:
    version "4.1.2"
    dependencies:
      ansi-styles "^4.1.0"
      supports-color "^7.1.0"
  
  chalk@^4.1.0:
    version "4.1.2"
    dependencies:
      ansi-styles "^4.1.0"
      supports-color "^7.1.0"
  
  chalk@^4.1.2:
    version "4.1.2"
    dependencies:
      ansi-styles "^4.1.0"
      supports-color "^7.1.0"
  
  char-regex@^1.0.2:
    version "1.0.2"
  
  chardet@^0.7.0:
    version "0.7.0"
  
  chokidar@^3.3.0, chokidar@^3.4.2, chokidar@^3.5.3:
    version "3.6.0"
    dependencies:
      anymatch "~3.1.2"
      braces "~3.0.2"
      glob-parent "~5.1.2"
      is-binary-path "~2.1.0"
      is-glob "~4.0.1"
      normalize-path "~3.0.0"
      readdirp "~3.6.0"
    optionalDependencies:
      fsevents "~2.3.2"
  
  chownr@^1.1.4:
    version "1.1.4"
  
  chrome-trace-event@^1.0.2:
    version "1.0.4"
  
  ci-info@^2.0.0:
    version "2.0.0"
  
  ci-info@^3.2.0:
    version "3.9.0"
  
  cjs-module-lexer@^1.0.0:
    version "1.4.3"
  
  classnames@^2, classnames@^2.2.4, classnames@^2.2.6, classnames@^2.3.1, classnames@^2.3.2, classnames@^2.5.1:
    version "2.5.1"
  
  clean-css@^5.2.2:
    version "5.3.3"
    dependencies:
      source-map "~0.6.0"
  
  cli-boxes@^2.2.0:
    version "2.2.1"
  
  cli-cursor@^3.1.0:
    version "3.1.0"
    dependencies:
      restore-cursor "^3.1.0"
  
  cli-width@^3.0.0:
    version "3.0.0"
  
  client-only@0.0.1:
    version "0.0.1"
    resolved "https://registry.npmjs.org/client-only/-/client-only-0.0.1.tgz"
    integrity sha512-IV3Ou0jSMzZrd3pZ48nLkT9DA7Ag1pnPzaiQhpW7c3RbcqqzvzzVu+L8gfqMp/8IM2MQtSiqaCxrrcfu8I8rMA==
  
  cliui@^5.0.0:
    version "5.0.0"
    dependencies:
      string-width "^3.1.0"
      strip-ansi "^5.2.0"
      wrap-ansi "^5.1.0"
  
  cliui@^7.0.2:
    version "7.0.4"
    dependencies:
      string-width "^4.2.0"
      strip-ansi "^6.0.0"
      wrap-ansi "^7.0.0"
  
  clone-buffer@^1.0.0:
    version "1.0.0"
  
  clone-deep@^4.0.0:
    version "4.0.1"
    dependencies:
      is-plain-object "^2.0.4"
      kind-of "^6.0.2"
      shallow-clone "^3.0.0"
  
  clone-response@^1.0.2:
    version "1.0.3"
    dependencies:
      mimic-response "^1.0.0"
  
  clone-stats@^1.0.0:
    version "1.0.0"
  
  clone@^2.1.1:
    version "2.1.2"
  
  cloneable-readable@^1.0.0:
    version "1.1.3"
    dependencies:
      inherits "^2.0.1"
      process-nextick-args "^2.0.0"
      readable-stream "^2.3.5"
  
  clsx@^2.1.1:
    version "2.1.1"
    resolved "https://registry.npmjs.org/clsx/-/clsx-2.1.1.tgz"
    integrity sha512-eYm0QWBtUrBWZWG0d386OGAw16Z995PiOVo2B7bjWSbHedGl5e0ZWaq65kOGgUSNesEIDkB9ISbTg/JK9dhCZA==
  
  co@^4.6.0:
    version "4.6.0"
  
  codepage@~1.15.0:
    version "1.15.0"
    resolved "https://registry.npmjs.org/codepage/-/codepage-1.15.0.tgz"
    integrity sha512-3g6NUTPd/YtuuGrhMnOMRjFc+LJw/bnMp3+0r/Wcz3IXUuCosKRJvMphm5+Q+bvTVGcJJuRvVLuYba+WojaFaA==
  
  collect-v8-coverage@^1.0.0:
    version "1.0.2"
  
  color-convert@^1.9.0:
    version "1.9.3"
    dependencies:
      color-name "1.1.3"
  
  color-convert@^2.0.1:
    version "2.0.1"
    dependencies:
      color-name "~1.1.4"
  
  color-name@~1.1.4:
    version "1.1.4"
  
  color-name@1.1.3:
    version "1.1.3"
  
  colord@^2.9.1, colord@^2.9.3:
    version "2.9.3"
  
  colorette@^2.0.10:
    version "2.0.20"
  
  combined-stream@^1.0.6, combined-stream@^1.0.8, combined-stream@~1.0.6:
    version "1.0.8"
    dependencies:
      delayed-stream "~1.0.0"
  
  commander@^2.19.0:
    version "2.20.3"
  
  commander@^2.20.0:
    version "2.20.3"
  
  commander@^6.2.0:
    version "6.2.1"
  
  commander@^7.2.0:
    version "7.2.0"
  
  commander@^8.3.0:
    version "8.3.0"
  
  common-tags@^1.8.0:
    version "1.8.2"
  
  commondir@^1.0.1:
    version "1.0.1"
  
  compress-commons@^2.1.1:
    version "2.1.1"
    dependencies:
      buffer-crc32 "^0.2.13"
      crc32-stream "^3.0.1"
      normalize-path "^3.0.0"
      readable-stream "^2.3.6"
  
  compress-commons@^4.1.2:
    version "4.1.2"
    resolved "https://registry.npmjs.org/compress-commons/-/compress-commons-4.1.2.tgz"
    integrity sha512-D3uMHtGc/fcO1Gt1/L7i1e33VOvD4A9hfQLP+6ewd+BvG/gQ84Yh4oftEhAdjSMgBgwGL+jsppT7JYNpo6MHHg==
    dependencies:
      buffer-crc32 "^0.2.13"
      crc32-stream "^4.0.2"
      normalize-path "^3.0.0"
      readable-stream "^3.6.0"
  
  compressible@~2.0.18:
    version "2.0.18"
    dependencies:
      mime-db ">= 1.43.0 < 2"
  
  compression@^1.7.4:
    version "1.8.0"
    dependencies:
      bytes "3.1.2"
      compressible "~2.0.18"
      debug "2.6.9"
      negotiator "~0.6.4"
      on-headers "~1.0.2"
      safe-buffer "5.2.1"
      vary "~1.1.2"
  
  concat-map@0.0.1:
    version "0.0.1"
  
  concat-stream@^1.5.1:
    version "1.6.2"
    dependencies:
      buffer-from "^1.0.0"
      inherits "^2.0.3"
      readable-stream "^2.2.2"
      typedarray "^0.0.6"
  
  configstore@^4.0.0:
    version "4.0.0"
    dependencies:
      dot-prop "^4.1.0"
      graceful-fs "^4.1.2"
      make-dir "^1.0.0"
      unique-string "^1.0.0"
      write-file-atomic "^2.0.0"
      xdg-basedir "^3.0.0"
  
  connect-history-api-fallback@^2.0.0:
    version "2.0.0"
  
  content-disposition@0.5.4:
    version "0.5.4"
    dependencies:
      safe-buffer "5.2.1"
  
  content-type@~1.0.4, content-type@~1.0.5:
    version "1.0.5"
  
  convert-source-map@^1.4.0:
    version "1.9.0"
  
  convert-source-map@^1.5.0:
    version "1.9.0"
    resolved "https://registry.npmjs.org/convert-source-map/-/convert-source-map-1.9.0.tgz"
    integrity sha512-ASFBup0Mz1uyiIjANan1jzLQami9z1PoYSZCiiYW2FczPbenXc45FZdBZLzOT+r6+iciuEModtmCti+hjaAk0A==
  
  convert-source-map@^1.6.0:
    version "1.9.0"
  
  convert-source-map@^1.7.0:
    version "1.9.0"
  
  convert-source-map@^2.0.0:
    version "2.0.0"
  
  convert-source-map@1.7.0:
    version "1.7.0"
    dependencies:
      safe-buffer "~5.1.1"
  
  cookie-signature@1.0.6:
    version "1.0.6"
  
  cookie@0.7.1:
    version "0.7.1"
  
  copy-to-clipboard@^3.3.3:
    version "3.3.3"
    resolved "https://registry.npmjs.org/copy-to-clipboard/-/copy-to-clipboard-3.3.3.tgz"
    integrity sha512-2KV8NhB5JqC3ky0r9PMCAZKbUHSwtEo4CwCs0KXgruG43gX5PMqDEBbVU4OUzw2MuAWUfsuFmWvEKG5QRfSnJA==
    dependencies:
      toggle-selection "^1.0.6"
  
  copyfiles@^2.4.1:
    version "2.4.1"
    dependencies:
      glob "^7.0.5"
      minimatch "^3.0.3"
      mkdirp "^1.0.4"
      noms "0.0.0"
      through2 "^2.0.1"
      untildify "^4.0.0"
      yargs "^16.1.0"
  
  core-js-compat@^3.43.0:
    version "3.44.0"
    dependencies:
      browserslist "^4.25.1"
  
  core-js-pure@^3.23.3:
    version "3.44.0"
  
  core-util-is@~1.0.0, core-util-is@1.0.2:
    version "1.0.2"
  
  cosmiconfig@^6.0.0:
    version "6.0.0"
    dependencies:
      "@types/parse-json" "^4.0.0"
      import-fresh "^3.1.0"
      parse-json "^5.0.0"
      path-type "^4.0.0"
      yaml "^1.7.2"
  
  cosmiconfig@^7.0.0:
    version "7.1.0"
    resolved "https://registry.npmjs.org/cosmiconfig/-/cosmiconfig-7.1.0.tgz"
    integrity sha512-AdmX6xUzdNASswsFtmwSt7Vj8po9IuqXm0UXz7QKPuEUmPB4XyjGfaAr2PSuELMwkRMVH1EpIkX5bTZGRB3eCA==
    dependencies:
      "@types/parse-json" "^4.0.0"
      import-fresh "^3.2.1"
      parse-json "^5.0.0"
      path-type "^4.0.0"
      yaml "^1.10.0"
  
  cosmiconfig@^8.3.5:
    version "8.3.6"
    dependencies:
      import-fresh "^3.3.0"
      js-yaml "^4.1.0"
      parse-json "^5.2.0"
      path-type "^4.0.0"
  
  crc-32@^1.2.0, crc-32@~1.2.0, crc-32@~1.2.1:
    version "1.2.2"
  
  crc@^3.4.4:
    version "3.8.0"
    dependencies:
      buffer "^5.1.0"
  
  crc32-stream@^3.0.1:
    version "3.0.1"
    dependencies:
      crc "^3.4.4"
      readable-stream "^3.4.0"
  
  crc32-stream@^4.0.2:
    version "4.0.3"
    resolved "https://registry.npmjs.org/crc32-stream/-/crc32-stream-4.0.3.tgz"
    integrity sha512-NT7w2JVU7DFroFdYkeq8cywxrgjPHWkdX1wjpRQXPX5Asews3tA+Ght6lddQO5Mkumffp3X7GEqku3epj2toIw==
    dependencies:
      crc-32 "^1.2.0"
      readable-stream "^3.4.0"
  
  cross-domain-safe-weakmap@^1, cross-domain-safe-weakmap@^1.0.1:
    version "1.0.29"
    dependencies:
      cross-domain-utils "^2.0.0"
  
  cross-domain-utils@^2, cross-domain-utils@^2.0.0:
    version "2.0.38"
    dependencies:
      zalgo-promise "^1.0.11"
  
  cross-spawn@^5.0.1:
    version "5.1.0"
    dependencies:
      lru-cache "^4.0.1"
      shebang-command "^1.2.0"
      which "^1.2.9"
  
  cross-spawn@^7.0.2, cross-spawn@^7.0.3, cross-spawn@^7.0.6:
    version "7.0.6"
    dependencies:
      path-key "^3.1.0"
      shebang-command "^2.0.0"
      which "^2.0.1"
  
  crypto-random-string@^1.0.0:
    version "1.0.0"
  
  crypto-random-string@^2.0.0:
    version "2.0.0"
  
  css-box-model@^1.2.0:
    version "1.2.1"
    resolved "https://registry.npmjs.org/css-box-model/-/css-box-model-1.2.1.tgz"
    integrity sha512-a7Vr4Q/kd/aw96bnJG332W9V9LkJO69JRcaCYDUqjp6/z0w6VcZjgAcTbgFxEPfBgdnAwlh3iwu+hLopa+flJw==
    dependencies:
      tiny-invariant "^1.0.6"
  
  css-declaration-sorter@^6.3.1:
    version "6.4.1"
  
  css-loader@^6.7.1:
    version "6.11.0"
    dependencies:
      icss-utils "^5.1.0"
      postcss "^8.4.33"
      postcss-modules-extract-imports "^3.1.0"
      postcss-modules-local-by-default "^4.0.5"
      postcss-modules-scope "^3.2.0"
      postcss-modules-values "^4.0.0"
      postcss-value-parser "^4.2.0"
      semver "^7.5.4"
  
  css-minimizer-webpack-plugin@^3.4.1:
    version "3.4.1"
    dependencies:
      cssnano "^5.0.6"
      jest-worker "^27.0.2"
      postcss "^8.3.5"
      schema-utils "^4.0.0"
      serialize-javascript "^6.0.0"
      source-map "^0.6.1"
  
  css-select@^4.1.3:
    version "4.3.0"
    dependencies:
      boolbase "^1.0.0"
      css-what "^6.0.1"
      domhandler "^4.3.1"
      domutils "^2.8.0"
      nth-check "^2.0.1"
  
  css-tree@^1.1.2, css-tree@^1.1.3:
    version "1.1.3"
    dependencies:
      mdn-data "2.0.14"
      source-map "^0.6.1"
  
  css-vendor@^2.0.8:
    version "2.0.8"
    resolved "https://registry.npmjs.org/css-vendor/-/css-vendor-2.0.8.tgz"
    integrity sha512-x9Aq0XTInxrkuFeHKbYC7zWY8ai7qJ04Kxd9MnvbC1uO5DagxoHQjm4JvG+vCdXOoFtCjbL2XSZfxmoYa9uQVQ==
    dependencies:
      "@babel/runtime" "^7.8.3"
      is-in-browser "^1.0.2"
  
  css-what@^6.0.1:
    version "6.2.2"
  
  cssesc@^3.0.0:
    version "3.0.0"
  
  cssnano-preset-default@^5.2.14:
    version "5.2.14"
    dependencies:
      css-declaration-sorter "^6.3.1"
      cssnano-utils "^3.1.0"
      postcss-calc "^8.2.3"
      postcss-colormin "^5.3.1"
      postcss-convert-values "^5.1.3"
      postcss-discard-comments "^5.1.2"
      postcss-discard-duplicates "^5.1.0"
      postcss-discard-empty "^5.1.1"
      postcss-discard-overridden "^5.1.0"
      postcss-merge-longhand "^5.1.7"
      postcss-merge-rules "^5.1.4"
      postcss-minify-font-values "^5.1.0"
      postcss-minify-gradients "^5.1.1"
      postcss-minify-params "^5.1.4"
      postcss-minify-selectors "^5.2.1"
      postcss-normalize-charset "^5.1.0"
      postcss-normalize-display-values "^5.1.0"
      postcss-normalize-positions "^5.1.1"
      postcss-normalize-repeat-style "^5.1.1"
      postcss-normalize-string "^5.1.0"
      postcss-normalize-timing-functions "^5.1.0"
      postcss-normalize-unicode "^5.1.1"
      postcss-normalize-url "^5.1.0"
      postcss-normalize-whitespace "^5.1.1"
      postcss-ordered-values "^5.1.3"
      postcss-reduce-initial "^5.1.2"
      postcss-reduce-transforms "^5.1.0"
      postcss-svgo "^5.1.0"
      postcss-unique-selectors "^5.1.1"
  
  cssnano-utils@^3.1.0:
    version "3.1.0"
  
  cssnano@^5.0.6:
    version "5.1.15"
    dependencies:
      cssnano-preset-default "^5.2.14"
      lilconfig "^2.0.3"
      yaml "^1.10.2"
  
  csso@^4.2.0:
    version "4.2.0"
    dependencies:
      css-tree "^1.1.2"
  
  cssom@^0.4.4:
    version "0.4.4"
  
  cssom@~0.3.6:
    version "0.3.8"
  
  cssstyle@^2.3.0:
    version "2.3.0"
    dependencies:
      cssom "~0.3.6"
  
  csstype@^3.0.2, csstype@^3.1.3:
    version "3.1.3"
  
  dashdash@^1.12.0:
    version "1.14.1"
    dependencies:
      assert-plus "^1.0.0"
  
  data-urls@^2.0.0:
    version "2.0.0"
    dependencies:
      abab "^2.0.3"
      whatwg-mimetype "^2.3.0"
      whatwg-url "^8.0.0"
  
  data-view-buffer@^1.0.2:
    version "1.0.2"
    dependencies:
      call-bound "^1.0.3"
      es-errors "^1.3.0"
      is-data-view "^1.0.2"
  
  data-view-byte-length@^1.0.2:
    version "1.0.2"
    dependencies:
      call-bound "^1.0.3"
      es-errors "^1.3.0"
      is-data-view "^1.0.2"
  
  data-view-byte-offset@^1.0.1:
    version "1.0.1"
    dependencies:
      call-bound "^1.0.2"
      es-errors "^1.3.0"
      is-data-view "^1.0.1"
  
  date-fns@^2.0.0, "date-fns@^2.25.0 || ^3.2.0 || ^4.0.0", "date-fns@2.0.0-alpha.7 || >=2.0.0", date-fns@2.29.3:
    version "2.29.3"
    resolved "https://registry.npmjs.org/date-fns/-/date-fns-2.29.3.tgz"
    integrity sha512-dDCnyH2WnnKusqvZZ6+jA1O51Ibt8ZMRNkDZdyAyK4YfbDwa/cEmuztzG5pk6hqlp9aSBPYcjOlktquahGwGeA==
  
  dayjs@^1.10.7, dayjs@^1.8.34:
    version "1.11.13"
    resolved "https://registry.npmjs.org/dayjs/-/dayjs-1.11.13.tgz"
    integrity sha512-oaMBel6gjolK862uaPQOVTA7q3TZhuSvuMQAAglQDOWYO9A91IrAOUJEyKVlqJlHE0vq5p5UXxzdPfMH/x6xNg==
  
  debug@^2.6.0:
    version "2.6.9"
    dependencies:
      ms "2.0.0"
  
  debug@^3.2.7:
    version "3.2.7"
    dependencies:
      ms "^2.1.1"
  
  debug@^4.1.0, debug@^4.1.1, debug@^4.3.1, debug@^4.3.2, debug@^4.3.4, debug@^4.4.1, debug@4:
    version "4.4.1"
    dependencies:
      ms "^2.1.3"
  
  debug@2.6.9:
    version "2.6.9"
    dependencies:
      ms "2.0.0"
  
  decamelize@^1.2.0:
    version "1.2.0"
  
  decimal.js@^10.2.1:
    version "10.6.0"
  
  decompress-response@^3.3.0:
    version "3.3.0"
    dependencies:
      mimic-response "^1.0.0"
  
  dedent@^0.7.0:
    version "0.7.0"
  
  deep-extend@^0.6.0:
    version "0.6.0"
  
  deep-is@^0.1.3:
    version "0.1.4"
  
  deepmerge@^4.0.0, deepmerge@^4.2.2:
    version "4.3.1"
  
  default-gateway@^6.0.3:
    version "6.0.3"
    dependencies:
      execa "^5.0.0"
  
  defer-to-connect@^1.0.1:
    version "1.1.3"
  
  define-data-property@^1.0.1, define-data-property@^1.1.4:
    version "1.1.4"
    dependencies:
      es-define-property "^1.0.0"
      es-errors "^1.3.0"
      gopd "^1.0.1"
  
  define-lazy-prop@^2.0.0:
    version "2.0.0"
  
  define-properties@^1.1.3, define-properties@^1.2.1:
    version "1.2.1"
    dependencies:
      define-data-property "^1.0.1"
      has-property-descriptors "^1.0.0"
      object-keys "^1.1.1"
  
  delayed-stream@~1.0.0:
    version "1.0.0"
  
  depd@~1.1.2:
    version "1.1.2"
  
  depd@2.0.0:
    version "2.0.0"
  
  dequal@^2.0.3:
    version "2.0.3"
  
  destroy@1.2.0:
    version "1.2.0"
  
  detect-newline@^3.0.0:
    version "3.1.0"
  
  detect-node@^2.0.4:
    version "2.1.0"
  
  detect-port-alt@^1.1.6:
    version "1.1.6"
    dependencies:
      address "^1.0.1"
      debug "^2.6.0"
  
  detect-port@^1.3.0:
    version "1.6.1"
    dependencies:
      address "^1.0.1"
      debug "4"
  
  dhis2-semis-components@0.6.6-alpha.68:
    version "0.6.6-alpha.68"
    resolved "https://registry.npmjs.org/dhis2-semis-components/-/dhis2-semis-components-0.6.6-alpha.68.tgz"
    integrity sha512-jmcUCmTBEDux5NEcr+MQbNFt8zVV4/iDLeIBlG6M2g7wlAvREW1UP8fWUOZp8cQPFlh+z8E6vBk0vHmHZ8kG+w==
    dependencies:
      "@date-io/date-fns" "1.3.13"
      "@dhis2-ui/selector-bar" "10.7.1"
      "@mui/styles" "^6.4.11"
      "@mui/x-date-pickers" "^7.0.0"
      bootstrap "^5.3.3"
      classnames "^2.5.1"
      date-fns "2.29.3"
      exceljs "^4.4.0"
      file-saver "^2.0.5"
      lottie-react "^2.4.0"
      react "^18.3.1"
      react-beautiful-dnd "^13.1.1"
      react-bootstrap "^2.10.5"
      react-date-range "1.4.0"
      react-dom "^18.3.1"
      react-file-icon "^1.5.0"
      react-final-form "^6.5.9"
      react-select "1.3.0"
      react18-json-view "0.2.9"
      recoil "^0.7.7"
      styled-jsx "^5.1.7"
      wrap-ansi "^9.0.0"
      xlsx "0.18.5"
      zod "^3.23.8"
  
  dhis2-semis-functions@*, dhis2-semis-functions@0.0.7-alpha.2:
    version "0.0.7-alpha.2"
    dependencies:
      "@dhis2/app-runtime" "^3.11.2"
      "@dhis2/ui" "^9.15.0"
      date-fns "2.29.3"
      dhis2-semis-types "^1.3.16"
      lodash "^4.17.21"
      lodash.isequal "^4.5.0"
      react-router-dom "^6.28.0"
      recoil "^0.7.7"
      typescript "^5.7.2"
      xlsx "^0.18.5"
  
  dhis2-semis-types@*, dhis2-semis-types@^1.3.16, dhis2-semis-types@1.3.19:
    version "1.3.19"
    resolved "https://registry.npmjs.org/dhis2-semis-types/-/dhis2-semis-types-1.3.19.tgz"
    integrity sha512-J2in1I5CWXsBJGUHuuIaG8LjiRsFdEzA9c66VwCMfuF7+JR8gII0bPIMEhYPf5I1A0nazWVider0y6QS3ZFH5A==
    dependencies:
      "@types/css-modules" "^1.0.5"
      dhis2-semis-types "file:."
      recoil "^0.7.7"
      typescript "^5.7.2"
      zod "^3.16.0"
  
  "dhis2-semis-types@file:.":
    version "1.3.19"
    resolved "file:node_modules/dhis2-semis-types"
    dependencies:
      "@types/css-modules" "^1.0.5"
      dhis2-semis-types "file:."
      recoil "^0.7.7"
      typescript "^5.7.2"
      zod "^3.16.0"
  
  diff-sequences@^27.5.1:
    version "27.5.1"
  
  dir-glob@^3.0.1:
    version "3.0.1"
    dependencies:
      path-type "^4.0.0"
  
  dns-packet@^5.2.2:
    version "5.6.1"
    dependencies:
      "@leichtgewicht/ip-codec" "^2.0.1"
  
  doctrine@^2.1.0:
    version "2.1.0"
    dependencies:
      esutils "^2.0.2"
  
  doctrine@^3.0.0:
    version "3.0.0"
    dependencies:
      esutils "^2.0.2"
  
  dom-converter@^0.2.0:
    version "0.2.0"
    dependencies:
      utila "~0.4"
  
  dom-helpers@^5.0.1, dom-helpers@^5.2.0, dom-helpers@^5.2.1:
    version "5.2.1"
    dependencies:
      "@babel/runtime" "^7.8.7"
      csstype "^3.0.2"
  
  dom-serializer@^1.0.1:
    version "1.4.1"
    dependencies:
      domelementtype "^2.0.1"
      domhandler "^4.2.0"
      entities "^2.0.0"
  
  domelementtype@^2.0.1, domelementtype@^2.2.0:
    version "2.3.0"
  
  domexception@^2.0.1:
    version "2.0.1"
    dependencies:
      webidl-conversions "^5.0.0"
  
  domhandler@^4.0.0, domhandler@^4.2.0, domhandler@^4.3.1:
    version "4.3.1"
    dependencies:
      domelementtype "^2.2.0"
  
  domutils@^2.5.2, domutils@^2.8.0:
    version "2.8.0"
    dependencies:
      dom-serializer "^1.0.1"
      domelementtype "^2.2.0"
      domhandler "^4.2.0"
  
  dot-case@^3.0.4:
    version "3.0.4"
    dependencies:
      no-case "^3.0.4"
      tslib "^2.0.3"
  
  dot-prop@^4.1.0:
    version "4.2.1"
    dependencies:
      is-obj "^1.0.0"
  
  dotenv-expand@^5.1.0:
    version "5.1.0"
  
  dotenv@^8.1.0:
    version "8.6.0"
  
  dunder-proto@^1.0.0, dunder-proto@^1.0.1:
    version "1.0.1"
    dependencies:
      call-bind-apply-helpers "^1.0.1"
      es-errors "^1.3.0"
      gopd "^1.2.0"
  
  duplexer@^0.1.2:
    version "0.1.2"
  
  duplexer2@~0.1.4:
    version "0.1.4"
    resolved "https://registry.npmjs.org/duplexer2/-/duplexer2-0.1.4.tgz"
    integrity sha512-asLFVfWWtJ90ZyOUHMqk7/S2w2guQKxUI2itj3d92ADHhxUSbCMGi1f1cBcJ7xM1To+pE/Khbwo1yuNbMEPKeA==
    dependencies:
      readable-stream "^2.0.2"
  
  duplexer3@^0.1.4:
    version "0.1.5"
  
  duplexify@^3.6.0:
    version "3.7.1"
    dependencies:
      end-of-stream "^1.0.0"
      inherits "^2.0.1"
      readable-stream "^2.0.0"
      stream-shift "^1.0.0"
  
  eastasianwidth@^0.2.0:
    version "0.2.0"
  
  ecc-jsbn@~0.1.1:
    version "0.1.2"
    dependencies:
      jsbn "~0.1.0"
      safer-buffer "^2.1.0"
  
  ee-first@1.1.1:
    version "1.1.1"
  
  ejs@^3.1.5, ejs@^3.1.6:
    version "3.1.10"
    dependencies:
      jake "^10.8.5"
  
  electron-to-chromium@^1.5.173:
    version "1.5.179"
  
  emittery@^0.8.1:
    version "0.8.1"
  
  emoji-regex@^10.3.0:
    version "10.4.0"
    resolved "https://registry.npmjs.org/emoji-regex/-/emoji-regex-10.4.0.tgz"
    integrity sha512-EC+0oUMY1Rqm4O6LLrgjtYDvcVYTy7chDnM4Q7030tP4Kwj3u/pR6gP9ygnp2CJMK5Gq+9Q2oqmrFJAz01DXjw==
  
  emoji-regex@^7.0.1:
    version "7.0.3"
  
  emoji-regex@^8.0.0:
    version "8.0.0"
  
  emoji-regex@^9.2.2:
    version "9.2.2"
  
  emojis-list@^2.0.0:
    version "2.1.0"
  
  emojis-list@^3.0.0:
    version "3.0.0"
  
  encodeurl@~1.0.2:
    version "1.0.2"
  
  encodeurl@~2.0.0:
    version "2.0.0"
  
  encoding@^0.1.12:
    version "0.1.13"
    dependencies:
      iconv-lite "^0.6.2"
  
  end-of-stream@^1.0.0, end-of-stream@^1.1.0, end-of-stream@^1.4.1:
    version "1.4.5"
    dependencies:
      once "^1.4.0"
  
  enhanced-resolve@^5.17.1:
    version "5.18.2"
    dependencies:
      graceful-fs "^4.2.4"
      tapable "^2.2.0"
  
  ensure-array@^1.0.0:
    version "1.0.0"
  
  entities@^2.0.0:
    version "2.2.0"
  
  eol@^0.9.1:
    version "0.9.1"
  
  error-ex@^1.3.1:
    version "1.3.2"
    dependencies:
      is-arrayish "^0.2.1"
  
  error-stack-parser@^2.0.6:
    version "2.1.4"
    dependencies:
      stackframe "^1.3.4"
  
  es-abstract@^1.17.5, es-abstract@^1.23.2, es-abstract@^1.23.3, es-abstract@^1.23.5, es-abstract@^1.23.6, es-abstract@^1.23.9, es-abstract@^1.24.0:
    version "1.24.0"
    dependencies:
      array-buffer-byte-length "^1.0.2"
      arraybuffer.prototype.slice "^1.0.4"
      available-typed-arrays "^1.0.7"
      call-bind "^1.0.8"
      call-bound "^1.0.4"
      data-view-buffer "^1.0.2"
      data-view-byte-length "^1.0.2"
      data-view-byte-offset "^1.0.1"
      es-define-property "^1.0.1"
      es-errors "^1.3.0"
      es-object-atoms "^1.1.1"
      es-set-tostringtag "^2.1.0"
      es-to-primitive "^1.3.0"
      function.prototype.name "^1.1.8"
      get-intrinsic "^1.3.0"
      get-proto "^1.0.1"
      get-symbol-description "^1.1.0"
      globalthis "^1.0.4"
      gopd "^1.2.0"
      has-property-descriptors "^1.0.2"
      has-proto "^1.2.0"
      has-symbols "^1.1.0"
      hasown "^2.0.2"
      internal-slot "^1.1.0"
      is-array-buffer "^3.0.5"
      is-callable "^1.2.7"
      is-data-view "^1.0.2"
      is-negative-zero "^2.0.3"
      is-regex "^1.2.1"
      is-set "^2.0.3"
      is-shared-array-buffer "^1.0.4"
      is-string "^1.1.1"
      is-typed-array "^1.1.15"
      is-weakref "^1.1.1"
      math-intrinsics "^1.1.0"
      object-inspect "^1.13.4"
      object-keys "^1.1.1"
      object.assign "^4.1.7"
      own-keys "^1.0.1"
      regexp.prototype.flags "^1.5.4"
      safe-array-concat "^1.1.3"
      safe-push-apply "^1.0.0"
      safe-regex-test "^1.1.0"
      set-proto "^1.0.0"
      stop-iteration-iterator "^1.1.0"
      string.prototype.trim "^1.2.10"
      string.prototype.trimend "^1.0.9"
      string.prototype.trimstart "^1.0.8"
      typed-array-buffer "^1.0.3"
      typed-array-byte-length "^1.0.3"
      typed-array-byte-offset "^1.0.4"
      typed-array-length "^1.0.7"
      unbox-primitive "^1.1.0"
      which-typed-array "^1.1.19"
  
  es-define-property@^1.0.0, es-define-property@^1.0.1:
    version "1.0.1"
  
  es-errors@^1.3.0:
    version "1.3.0"
  
  es-iterator-helpers@^1.2.1:
    version "1.2.1"
    dependencies:
      call-bind "^1.0.8"
      call-bound "^1.0.3"
      define-properties "^1.2.1"
      es-abstract "^1.23.6"
      es-errors "^1.3.0"
      es-set-tostringtag "^2.0.3"
      function-bind "^1.1.2"
      get-intrinsic "^1.2.6"
      globalthis "^1.0.4"
      gopd "^1.2.0"
      has-property-descriptors "^1.0.2"
      has-proto "^1.2.0"
      has-symbols "^1.1.0"
      internal-slot "^1.1.0"
      iterator.prototype "^1.1.4"
      safe-array-concat "^1.1.3"
  
  es-module-lexer@^1.2.1, es-module-lexer@^1.5.4:
    version "1.7.0"
  
  es-object-atoms@^1.0.0, es-object-atoms@^1.1.1:
    version "1.1.1"
    dependencies:
      es-errors "^1.3.0"
  
  es-set-tostringtag@^2.0.3, es-set-tostringtag@^2.1.0:
    version "2.1.0"
    dependencies:
      es-errors "^1.3.0"
      get-intrinsic "^1.2.6"
      has-tostringtag "^1.0.2"
      hasown "^2.0.2"
  
  es-shim-unscopables@^1.0.2, es-shim-unscopables@^1.1.0:
    version "1.1.0"
    dependencies:
      hasown "^2.0.2"
  
  es-to-primitive@^1.3.0:
    version "1.3.0"
    dependencies:
      is-callable "^1.2.7"
      is-date-object "^1.0.5"
      is-symbol "^1.0.4"
  
  esbuild@^0.21.3:
    version "0.21.5"
    optionalDependencies:
      "@esbuild/aix-ppc64" "0.21.5"
      "@esbuild/android-arm" "0.21.5"
      "@esbuild/android-arm64" "0.21.5"
      "@esbuild/android-x64" "0.21.5"
      "@esbuild/darwin-arm64" "0.21.5"
      "@esbuild/darwin-x64" "0.21.5"
      "@esbuild/freebsd-arm64" "0.21.5"
      "@esbuild/freebsd-x64" "0.21.5"
      "@esbuild/linux-arm" "0.21.5"
      "@esbuild/linux-arm64" "0.21.5"
      "@esbuild/linux-ia32" "0.21.5"
      "@esbuild/linux-loong64" "0.21.5"
      "@esbuild/linux-mips64el" "0.21.5"
      "@esbuild/linux-ppc64" "0.21.5"
      "@esbuild/linux-riscv64" "0.21.5"
      "@esbuild/linux-s390x" "0.21.5"
      "@esbuild/linux-x64" "0.21.5"
      "@esbuild/netbsd-x64" "0.21.5"
      "@esbuild/openbsd-x64" "0.21.5"
      "@esbuild/sunos-x64" "0.21.5"
      "@esbuild/win32-arm64" "0.21.5"
      "@esbuild/win32-ia32" "0.21.5"
      "@esbuild/win32-x64" "0.21.5"
  
  escalade@^3.1.1, escalade@^3.2.0:
    version "3.2.0"
  
  escape-html@^1.0.3, escape-html@~1.0.3:
    version "1.0.3"
  
  escape-string-regexp@^1.0.5:
    version "1.0.5"
  
  escape-string-regexp@^2.0.0:
    version "2.0.0"
  
  escape-string-regexp@^4.0.0:
    version "4.0.0"
  
  escodegen@^2.0.0:
    version "2.1.0"
    dependencies:
      esprima "^4.0.1"
      estraverse "^5.2.0"
      esutils "^2.0.2"
    optionalDependencies:
      source-map "~0.6.1"
  
  eslint-compat-utils@^0.5.1:
    version "0.5.1"
    dependencies:
      semver "^7.5.4"
  
  eslint-config-standard-with-typescript@^36.1.1:
    version "36.1.1"
    dependencies:
      "@typescript-eslint/parser" "^5.50.0"
      eslint-config-standard "17.1.0"
  
  eslint-config-standard@17.1.0:
    version "17.1.0"
  
  eslint-import-resolver-node@^0.3.9:
    version "0.3.9"
    dependencies:
      debug "^3.2.7"
      is-core-module "^2.13.0"
      resolve "^1.22.4"
  
  eslint-module-utils@^2.12.1:
    version "2.12.1"
    dependencies:
      debug "^3.2.7"
  
  eslint-plugin-es-x@^7.5.0:
    version "7.8.0"
    dependencies:
      "@eslint-community/eslint-utils" "^4.1.2"
      "@eslint-community/regexpp" "^4.11.0"
      eslint-compat-utils "^0.5.1"
  
  eslint-plugin-import@^2.25.2, eslint-plugin-import@^2.27.5:
    version "2.32.0"
    dependencies:
      "@rtsao/scc" "^1.1.0"
      array-includes "^3.1.9"
      array.prototype.findlastindex "^1.2.6"
      array.prototype.flat "^1.3.3"
      array.prototype.flatmap "^1.3.3"
      debug "^3.2.7"
      doctrine "^2.1.0"
      eslint-import-resolver-node "^0.3.9"
      eslint-module-utils "^2.12.1"
      hasown "^2.0.2"
      is-core-module "^2.16.1"
      is-glob "^4.0.3"
      minimatch "^3.1.2"
      object.fromentries "^2.0.8"
      object.groupby "^1.0.3"
      object.values "^1.2.1"
      semver "^6.3.1"
      string.prototype.trimend "^1.0.9"
      tsconfig-paths "^3.15.0"
  
  "eslint-plugin-n@^15.0.0 || ^16.0.0 ", eslint-plugin-n@^16.6.2:
    version "16.6.2"
    dependencies:
      "@eslint-community/eslint-utils" "^4.4.0"
      builtins "^5.0.1"
      eslint-plugin-es-x "^7.5.0"
      get-tsconfig "^4.7.0"
      globals "^13.24.0"
      ignore "^5.2.4"
      is-builtin-module "^3.2.1"
      is-core-module "^2.12.1"
      minimatch "^3.1.2"
      resolve "^1.22.2"
      semver "^7.5.3"
  
  eslint-plugin-promise@^6.0.0, eslint-plugin-promise@^6.6.0:
    version "6.6.0"
  
  eslint-plugin-react@^7.32.2:
    version "7.37.5"
    dependencies:
      array-includes "^3.1.8"
      array.prototype.findlast "^1.2.5"
      array.prototype.flatmap "^1.3.3"
      array.prototype.tosorted "^1.1.4"
      doctrine "^2.1.0"
      es-iterator-helpers "^1.2.1"
      estraverse "^5.3.0"
      hasown "^2.0.2"
      jsx-ast-utils "^2.4.1 || ^3.0.0"
      minimatch "^3.1.2"
      object.entries "^1.1.9"
      object.fromentries "^2.0.8"
      object.values "^1.2.1"
      prop-types "^15.8.1"
      resolve "^2.0.0-next.5"
      semver "^6.3.1"
      string.prototype.matchall "^4.0.12"
      string.prototype.repeat "^1.0.0"
  
  eslint-scope@^5.1.1, eslint-scope@5.1.1:
    version "5.1.1"
    resolved "https://registry.npmjs.org/eslint-scope/-/eslint-scope-5.1.1.tgz"
    integrity sha512-2NxwbF/hZ0KpepYN0cNbo+FN6XoK7GaHlQhgx/hIZl6Va0bF45RQOOwhLIy8lQDbuCiadSLCBnH2CFYquit5bw==
    dependencies:
      esrecurse "^4.3.0"
      estraverse "^4.1.1"
  
  eslint-scope@^7.2.2:
    version "7.2.2"
    dependencies:
      esrecurse "^4.3.0"
      estraverse "^5.2.0"
  
  eslint-visitor-keys@^3.3.0, eslint-visitor-keys@^3.4.1, eslint-visitor-keys@^3.4.3:
    version "3.4.3"
  
  eslint@*, "eslint@^2 || ^3 || ^4 || ^5 || ^6 || ^7.2.0 || ^8 || ^9", "eslint@^3 || ^4 || ^5 || ^6 || ^7 || ^8 || ^9.7", "eslint@^6.0.0 || ^7.0.0 || ^8.0.0", "eslint@^6.0.0 || ^7.0.0 || >=8.0.0", "eslint@^7.0.0 || ^8.0.0 || ^9.0.0", eslint@^8.0.1, eslint@^8.57.1, "eslint@>= 6", eslint@>=6.0.0, eslint@>=7.0.0, eslint@>=8:
    version "8.57.1"
    dependencies:
      "@eslint-community/eslint-utils" "^4.2.0"
      "@eslint-community/regexpp" "^4.6.1"
      "@eslint/eslintrc" "^2.1.4"
      "@eslint/js" "8.57.1"
      "@humanwhocodes/config-array" "^0.13.0"
      "@humanwhocodes/module-importer" "^1.0.1"
      "@nodelib/fs.walk" "^1.2.8"
      "@ungap/structured-clone" "^1.2.0"
      ajv "^6.12.4"
      chalk "^4.0.0"
      cross-spawn "^7.0.2"
      debug "^4.3.2"
      doctrine "^3.0.0"
      escape-string-regexp "^4.0.0"
      eslint-scope "^7.2.2"
      eslint-visitor-keys "^3.4.3"
      espree "^9.6.1"
      esquery "^1.4.2"
      esutils "^2.0.2"
      fast-deep-equal "^3.1.3"
      file-entry-cache "^6.0.1"
      find-up "^5.0.0"
      glob-parent "^6.0.2"
      globals "^13.19.0"
      graphemer "^1.4.0"
      ignore "^5.2.0"
      imurmurhash "^0.1.4"
      is-glob "^4.0.0"
      is-path-inside "^3.0.3"
      js-yaml "^4.1.0"
      json-stable-stringify-without-jsonify "^1.0.1"
      levn "^0.4.1"
      lodash.merge "^4.6.2"
      minimatch "^3.1.2"
      natural-compare "^1.4.0"
      optionator "^0.9.3"
      strip-ansi "^6.0.1"
      text-table "^0.2.0"
  
  espree@^9.6.0, espree@^9.6.1:
    version "9.6.1"
    dependencies:
      acorn "^8.9.0"
      acorn-jsx "^5.3.2"
      eslint-visitor-keys "^3.4.1"
  
  esprima-next@^5.7.0:
    version "5.8.4"
  
  esprima@^4.0.0, esprima@^4.0.1:
    version "4.0.1"
  
  esquery@^1.4.2:
    version "1.6.0"
    dependencies:
      estraverse "^5.1.0"
  
  esrecurse@^4.3.0:
    version "4.3.0"
    dependencies:
      estraverse "^5.2.0"
  
  estraverse@^4.1.1:
    version "4.3.0"
    resolved "https://registry.npmjs.org/estraverse/-/estraverse-4.3.0.tgz"
    integrity sha512-39nnKffWz8xN1BU/2c79n9nB9HDzo0niYUqx6xyqUnyoAnQyyWpOTdZEeiCch8BBu515t4wp9ZmgVfVhn9EBpw==
  
  estraverse@^5.1.0, estraverse@^5.2.0, estraverse@^5.3.0:
    version "5.3.0"
  
  estree-walker@^1.0.1:
    version "1.0.1"
  
  estree-walker@^2.0.2:
    version "2.0.2"
  
  esutils@^2.0.2:
    version "2.0.3"
  
  etag@~1.8.1:
    version "1.8.1"
  
  eventemitter3@^4.0.0:
    version "4.0.7"
  
  events@^3.2.0:
    version "3.3.0"
  
  exceljs@^4.4.0:
    version "4.4.0"
    resolved "https://registry.npmjs.org/exceljs/-/exceljs-4.4.0.tgz"
    integrity sha512-XctvKaEMaj1Ii9oDOqbW/6e1gXknSY4g/aLCDicOXqBE4M0nRWkUu0PTp++UPNzoFY12BNHMfs/VadKIS6llvg==
    dependencies:
      archiver "^5.0.0"
      dayjs "^1.8.34"
      fast-csv "^4.3.1"
      jszip "^3.10.1"
      readable-stream "^3.6.0"
      saxes "^5.0.1"
      tmp "^0.2.0"
      unzipper "^0.10.11"
      uuid "^8.3.0"
  
  execa@^0.7.0:
    version "0.7.0"
    dependencies:
      cross-spawn "^5.0.1"
      get-stream "^3.0.0"
      is-stream "^1.1.0"
      npm-run-path "^2.0.0"
      p-finally "^1.0.0"
      signal-exit "^3.0.0"
      strip-eof "^1.0.0"
  
  execa@^5.0.0:
    version "5.1.1"
    dependencies:
      cross-spawn "^7.0.3"
      get-stream "^6.0.0"
      human-signals "^2.1.0"
      is-stream "^2.0.0"
      merge-stream "^2.0.0"
      npm-run-path "^4.0.1"
      onetime "^5.1.2"
      signal-exit "^3.0.3"
      strip-final-newline "^2.0.0"
  
  exit@^0.1.2:
    version "0.1.2"
  
  expect@^27.5.1:
    version "27.5.1"
    dependencies:
      "@jest/types" "^27.5.1"
      jest-get-type "^27.5.1"
      jest-matcher-utils "^27.5.1"
      jest-message-util "^27.5.1"
  
  express@^4.17.3:
    version "4.21.2"
    dependencies:
      accepts "~1.3.8"
      array-flatten "1.1.1"
      body-parser "1.20.3"
      content-disposition "0.5.4"
      content-type "~1.0.4"
      cookie "0.7.1"
      cookie-signature "1.0.6"
      debug "2.6.9"
      depd "2.0.0"
      encodeurl "~2.0.0"
      escape-html "~1.0.3"
      etag "~1.8.1"
      finalhandler "1.3.1"
      fresh "0.5.2"
      http-errors "2.0.0"
      merge-descriptors "1.0.3"
      methods "~1.1.2"
      on-finished "2.4.1"
      parseurl "~1.3.3"
      path-to-regexp "0.1.12"
      proxy-addr "~2.0.7"
      qs "6.13.0"
      range-parser "~1.2.1"
      safe-buffer "5.2.1"
      send "0.19.0"
      serve-static "1.16.2"
      setprototypeof "1.2.0"
      statuses "2.0.1"
      type-is "~1.6.18"
      utils-merge "1.0.1"
      vary "~1.1.2"
  
  extend@^3.0.0, extend@~3.0.2:
    version "3.0.2"
  
  external-editor@^3.0.3:
    version "3.1.0"
    dependencies:
      chardet "^0.7.0"
      iconv-lite "^0.4.24"
      tmp "^0.0.33"
  
  extsprintf@^1.2.0, extsprintf@1.3.0:
    version "1.3.0"
  
  fast-csv@^4.3.1:
    version "4.3.6"
    resolved "https://registry.npmjs.org/fast-csv/-/fast-csv-4.3.6.tgz"
    integrity sha512-2RNSpuwwsJGP0frGsOmTb9oUF+VkFSM4SyLTDgwf2ciHWTarN0lQTC+F2f/t5J9QjW+c65VFIAAu85GsvMIusw==
    dependencies:
      "@fast-csv/format" "4.3.5"
      "@fast-csv/parse" "4.3.6"
  
  fast-deep-equal@^3.1.1, fast-deep-equal@^3.1.3:
    version "3.1.3"
  
  fast-glob@^3.2.9, fast-glob@^3.3.2:
    version "3.3.3"
    dependencies:
      "@nodelib/fs.stat" "^2.0.2"
      "@nodelib/fs.walk" "^1.2.3"
      glob-parent "^5.1.2"
      merge2 "^1.3.0"
      micromatch "^4.0.8"
  
  fast-json-stable-stringify@^2.0.0, fast-json-stable-stringify@^2.1.0:
    version "2.1.0"
  
  fast-levenshtein@^2.0.6:
    version "2.0.6"
  
  fast-uri@^3.0.1:
    version "3.0.6"
  
  fastq@^1.6.0:
    version "1.19.1"
    dependencies:
      reusify "^1.0.4"
  
  faye-websocket@^0.11.3:
    version "0.11.4"
    dependencies:
      websocket-driver ">=0.5.1"
  
  fb-watchman@^2.0.0:
    version "2.0.2"
    dependencies:
      bser "2.1.1"
  
  figures@^3.0.0:
    version "3.2.0"
    dependencies:
      escape-string-regexp "^1.0.5"
  
  file-entry-cache@^6.0.1:
    version "6.0.1"
    dependencies:
      flat-cache "^3.0.4"
  
  file-loader@^6.2.0:
    version "6.2.0"
    dependencies:
      loader-utils "^2.0.0"
      schema-utils "^3.0.0"
  
  file-saver@^2.0.5:
    version "2.0.5"
    resolved "https://registry.npmjs.org/file-saver/-/file-saver-2.0.5.tgz"
    integrity sha512-P9bmyZ3h/PRG+Nzga+rbdI4OEpNDzAVyy74uVO9ATgzLK6VtAsYybF/+TOCvrc0MO793d6+42lLyZTw7/ArVzA==
  
  filelist@^1.0.4:
    version "1.0.4"
    dependencies:
      minimatch "^5.0.1"
  
  filesize@^8.0.6:
    version "8.0.7"
  
  fill-range@^7.1.1:
    version "7.1.1"
    dependencies:
      to-regex-range "^5.0.1"
  
  final-form@^4.20.2, final-form@^4.20.4:
    version "4.20.10"
    dependencies:
      "@babel/runtime" "^7.10.0"
  
  finalhandler@1.3.1:
    version "1.3.1"
    dependencies:
      debug "2.6.9"
      encodeurl "~2.0.0"
      escape-html "~1.0.3"
      on-finished "2.4.1"
      parseurl "~1.3.3"
      statuses "2.0.1"
      unpipe "~1.0.0"
  
  find-cache-dir@^3.3.1:
    version "3.3.2"
    dependencies:
      commondir "^1.0.1"
      make-dir "^3.0.2"
      pkg-dir "^4.1.0"
  
  find-root@^1.1.0:
    version "1.1.0"
    resolved "https://registry.npmjs.org/find-root/-/find-root-1.1.0.tgz"
    integrity sha512-NKfW6bec6GfKc0SGx1e07QZY9PE99u0Bft/0rzSD5k3sO/vwkVUpDUKVm5Gpp5Ue3YfShPFTX2070tDs5kB9Ng==
  
  find-up@^3.0.0:
    version "3.0.0"
    dependencies:
      locate-path "^3.0.0"
  
  find-up@^4.0.0:
    version "4.1.0"
    dependencies:
      locate-path "^5.0.0"
      path-exists "^4.0.0"
  
  find-up@^4.1.0:
    version "4.1.0"
    dependencies:
      locate-path "^5.0.0"
      path-exists "^4.0.0"
  
  find-up@^5.0.0:
    version "5.0.0"
    dependencies:
      locate-path "^6.0.0"
      path-exists "^4.0.0"
  
  flat-cache@^3.0.4:
    version "3.2.0"
    dependencies:
      flatted "^3.2.9"
      keyv "^4.5.3"
      rimraf "^3.0.2"
  
  flatted@^3.2.9:
    version "3.3.3"
  
  flush-write-stream@^1.0.2:
    version "1.1.1"
    dependencies:
      inherits "^2.0.3"
      readable-stream "^2.3.6"
  
  follow-redirects@^1.0.0, follow-redirects@^1.14.7:
    version "1.15.9"
  
  for-each@^0.3.3, for-each@^0.3.5:
    version "0.3.5"
    dependencies:
      is-callable "^1.2.7"
  
  foreground-child@^3.3.1:
    version "3.3.1"
    dependencies:
      cross-spawn "^7.0.6"
      signal-exit "^4.0.1"
  
  forever-agent@~0.6.1:
    version "0.6.1"
  
  fork-ts-checker-webpack-plugin@^6.5.0:
    version "6.5.3"
    dependencies:
      "@babel/code-frame" "^7.8.3"
      "@types/json-schema" "^7.0.5"
      chalk "^4.1.0"
      chokidar "^3.4.2"
      cosmiconfig "^6.0.0"
      deepmerge "^4.2.2"
      fs-extra "^9.0.0"
      glob "^7.1.6"
      memfs "^3.1.2"
      minimatch "^3.0.4"
      schema-utils "2.7.0"
      semver "^7.3.2"
      tapable "^1.0.0"
  
  form-data@^3.0.0:
    version "3.0.3"
    dependencies:
      asynckit "^0.4.0"
      combined-stream "^1.0.8"
      es-set-tostringtag "^2.1.0"
      mime-types "^2.1.35"
  
  form-data@~2.3.2:
    version "2.3.3"
    dependencies:
      asynckit "^0.4.0"
      combined-stream "^1.0.6"
      mime-types "^2.1.12"
  
  forwarded@0.2.0:
    version "0.2.0"
  
  frac@~1.1.2:
    version "1.1.2"
    resolved "https://registry.npmjs.org/frac/-/frac-1.1.2.tgz"
    integrity sha512-w/XBfkibaTl3YDqASwfDUqkna4Z2p9cFSr1aHDt0WoMTECnRfBOv2WArlZILlqgWlmdIlALXGpM2AOhEk5W3IA==
  
  fresh@0.5.2:
    version "0.5.2"
  
  fs-constants@^1.0.0:
    version "1.0.0"
  
  fs-extra@^8.0.1, fs-extra@^8.1.0:
    version "8.1.0"
    dependencies:
      graceful-fs "^4.2.0"
      jsonfile "^4.0.0"
      universalify "^0.1.0"
  
  fs-extra@^9.0.0:
    version "9.1.0"
    dependencies:
      at-least-node "^1.0.0"
      graceful-fs "^4.2.0"
      jsonfile "^6.0.1"
      universalify "^2.0.0"
  
  fs-extra@^9.0.1:
    version "9.1.0"
    dependencies:
      at-least-node "^1.0.0"
      graceful-fs "^4.2.0"
      jsonfile "^6.0.1"
      universalify "^2.0.0"
  
  fs-minipass@^1.2.7:
    version "1.2.7"
    dependencies:
      minipass "^2.6.0"
  
  fs-mkdirp-stream@^1.0.0:
    version "1.0.0"
    dependencies:
      graceful-fs "^4.1.11"
      through2 "^2.0.3"
  
  fs-monkey@^1.0.4:
    version "1.0.6"
  
  fs.realpath@^1.0.0:
    version "1.0.0"
  
  fstream@^1.0.12:
    version "1.0.12"
    resolved "https://registry.npmjs.org/fstream/-/fstream-1.0.12.tgz"
    integrity sha512-WvJ193OHa0GHPEL+AycEJgxvBEwyfRkN1vhjca23OaPVMCaLCXTd5qAu82AjTcgP1UJmytkOKb63Ypde7raDIg==
    dependencies:
      graceful-fs "^4.1.2"
      inherits "~2.0.0"
      mkdirp ">=0.5 0"
      rimraf "2"
  
  function-bind@^1.1.2:
    version "1.1.2"
  
  function.prototype.name@^1.1.6, function.prototype.name@^1.1.8:
    version "1.1.8"
    dependencies:
      call-bind "^1.0.8"
      call-bound "^1.0.3"
      define-properties "^1.2.1"
      functions-have-names "^1.2.3"
      hasown "^2.0.2"
      is-callable "^1.2.7"
  
  functions-have-names@^1.2.3:
    version "1.2.3"
  
  gaze@^1.1.3:
    version "1.1.3"
    dependencies:
      globule "^1.0.0"
  
  gensync@^1.0.0-beta.2:
    version "1.0.0-beta.2"
  
  get-caller-file@^2.0.1, get-caller-file@^2.0.5:
    version "2.0.5"
  
  get-east-asian-width@^1.0.0:
    version "1.3.0"
    resolved "https://registry.npmjs.org/get-east-asian-width/-/get-east-asian-width-1.3.0.tgz"
    integrity sha512-vpeMIQKxczTD/0s2CdEWHcb0eeJe6TFjxb+J5xgX7hScxqrGuyjmv4c1D4A/gelKfyox0gJJwIHF+fLjeaM8kQ==
  
  get-intrinsic@^1.2.4, get-intrinsic@^1.2.5, get-intrinsic@^1.2.6, get-intrinsic@^1.2.7, get-intrinsic@^1.3.0:
    version "1.3.0"
    dependencies:
      call-bind-apply-helpers "^1.0.2"
      es-define-property "^1.0.1"
      es-errors "^1.3.0"
      es-object-atoms "^1.1.1"
      function-bind "^1.1.2"
      get-proto "^1.0.1"
      gopd "^1.2.0"
      has-symbols "^1.1.0"
      hasown "^2.0.2"
      math-intrinsics "^1.1.0"
  
  get-own-enumerable-property-symbols@^3.0.0:
    version "3.0.2"
  
  get-package-type@^0.1.0:
    version "0.1.0"
  
  get-proto@^1.0.0, get-proto@^1.0.1:
    version "1.0.1"
    dependencies:
      dunder-proto "^1.0.1"
      es-object-atoms "^1.0.0"
  
  get-stream@^3.0.0:
    version "3.0.0"
  
  get-stream@^4.1.0:
    version "4.1.0"
    dependencies:
      pump "^3.0.0"
  
  get-stream@^5.1.0:
    version "5.2.0"
    dependencies:
      pump "^3.0.0"
  
  get-stream@^6.0.0:
    version "6.0.1"
  
  get-symbol-description@^1.1.0:
    version "1.1.0"
    dependencies:
      call-bound "^1.0.3"
      es-errors "^1.3.0"
      get-intrinsic "^1.2.6"
  
  get-tsconfig@^4.7.0:
    version "4.10.1"
    dependencies:
      resolve-pkg-maps "^1.0.0"
  
  getpass@^0.1.1:
    version "0.1.7"
    dependencies:
      assert-plus "^1.0.0"
  
  gettext-parser@^3.1.0:
    version "3.1.1"
    dependencies:
      encoding "^0.1.12"
      readable-stream "^3.2.0"
      safe-buffer "^5.1.2"
  
  glob-parent@^3.1.0:
    version "3.1.0"
    dependencies:
      is-glob "^3.1.0"
      path-dirname "^1.0.0"
  
  glob-parent@^5.1.2, glob-parent@~5.1.2:
    version "5.1.2"
    dependencies:
      is-glob "^4.0.1"
  
  glob-parent@^6.0.2:
    version "6.0.2"
    dependencies:
      is-glob "^4.0.3"
  
  glob-stream@^6.1.0:
    version "6.1.0"
    dependencies:
      extend "^3.0.0"
      glob "^7.1.1"
      glob-parent "^3.1.0"
      is-negated-glob "^1.0.0"
      ordered-read-streams "^1.0.0"
      pumpify "^1.3.5"
      readable-stream "^2.1.5"
      remove-trailing-separator "^1.0.1"
      to-absolute-glob "^2.0.0"
      unique-stream "^2.0.2"
  
  glob-to-regexp@^0.4.1:
    version "0.4.1"
  
  glob@^11.0.0:
    version "11.0.3"
    dependencies:
      foreground-child "^3.3.1"
      jackspeak "^4.1.1"
      minimatch "^10.0.3"
      minipass "^7.1.2"
      package-json-from-dist "^1.0.0"
      path-scurry "^2.0.0"
  
  glob@^7.0.5, glob@^7.1.1, glob@^7.1.2, glob@^7.1.3, glob@^7.1.4, glob@^7.1.6, glob@^7.2.3:
    version "7.2.3"
    dependencies:
      fs.realpath "^1.0.0"
      inflight "^1.0.4"
      inherits "2"
      minimatch "^3.1.1"
      once "^1.3.0"
      path-is-absolute "^1.0.0"
  
  glob@~7.1.1:
    version "7.1.7"
    dependencies:
      fs.realpath "^1.0.0"
      inflight "^1.0.4"
      inherits "2"
      minimatch "^3.0.4"
      once "^1.3.0"
      path-is-absolute "^1.0.0"
  
  global-dirs@^0.1.0:
    version "0.1.1"
    dependencies:
      ini "^1.3.4"
  
  global-modules@^2.0.0:
    version "2.0.0"
    dependencies:
      global-prefix "^3.0.0"
  
  global-prefix@^3.0.0:
    version "3.0.0"
    dependencies:
      ini "^1.3.5"
      kind-of "^6.0.2"
      which "^1.3.1"
  
  globals@^13.19.0, globals@^13.24.0:
    version "13.24.0"
    dependencies:
      type-fest "^0.20.2"
  
  globalthis@^1.0.4:
    version "1.0.4"
    dependencies:
      define-properties "^1.2.1"
      gopd "^1.0.1"
  
  globby@^11.0.4, globby@^11.1.0:
    version "11.1.0"
    dependencies:
      array-union "^2.1.0"
      dir-glob "^3.0.1"
      fast-glob "^3.2.9"
      ignore "^5.2.0"
      merge2 "^1.4.1"
      slash "^3.0.0"
  
  globule@^1.0.0:
    version "1.3.4"
    dependencies:
      glob "~7.1.1"
      lodash "^4.17.21"
      minimatch "~3.0.2"
  
  gopd@^1.0.1, gopd@^1.2.0:
    version "1.2.0"
  
  got@^9.6.0:
    version "9.6.0"
    dependencies:
      "@sindresorhus/is" "^0.14.0"
      "@szmarczak/http-timer" "^1.1.2"
      cacheable-request "^6.0.0"
      decompress-response "^3.3.0"
      duplexer3 "^0.1.4"
      get-stream "^4.1.0"
      lowercase-keys "^1.0.1"
      mimic-response "^1.0.1"
      p-cancelable "^1.0.0"
      to-readable-stream "^1.0.0"
      url-parse-lax "^3.0.0"
  
  graceful-fs@^4.0.0, graceful-fs@^4.1.11, graceful-fs@^4.1.2, graceful-fs@^4.1.6, graceful-fs@^4.2.0, graceful-fs@^4.2.11, graceful-fs@^4.2.2, graceful-fs@^4.2.4, graceful-fs@^4.2.6, graceful-fs@^4.2.9:
    version "4.2.11"
  
  graphemer@^1.4.0:
    version "1.4.0"
  
  gulp-sort@^2.0.0:
    version "2.0.0"
    dependencies:
      through2 "^2.0.1"
  
  gzip-size@^6.0.0:
    version "6.0.0"
    dependencies:
      duplexer "^0.1.2"
  
  hamt_plus@1.0.2:
    version "1.0.2"
  
  handle-thing@^2.0.0:
    version "2.0.1"
  
  handlebars@^4.3.3:
    version "4.7.8"
    dependencies:
      minimist "^1.2.5"
      neo-async "^2.6.2"
      source-map "^0.6.1"
      wordwrap "^1.0.0"
    optionalDependencies:
      uglify-js "^3.1.4"
  
  har-schema@^2.0.0:
    version "2.0.0"
  
  har-validator@~5.1.3:
    version "5.1.5"
    dependencies:
      ajv "^6.12.3"
      har-schema "^2.0.0"
  
  has-bigints@^1.0.2:
    version "1.1.0"
  
  has-flag@^3.0.0:
    version "3.0.0"
  
  has-flag@^4.0.0:
    version "4.0.0"
  
  has-property-descriptors@^1.0.0, has-property-descriptors@^1.0.2:
    version "1.0.2"
    dependencies:
      es-define-property "^1.0.0"
  
  has-proto@^1.2.0:
    version "1.2.0"
    dependencies:
      dunder-proto "^1.0.0"
  
  has-symbols@^1.0.3, has-symbols@^1.1.0:
    version "1.1.0"
  
  has-tostringtag@^1.0.2:
    version "1.0.2"
    dependencies:
      has-symbols "^1.0.3"
  
  has-yarn@^2.1.0:
    version "2.1.0"
  
  hasown@^2.0.2:
    version "2.0.2"
    dependencies:
      function-bind "^1.1.2"
  
  he@^1.2.0:
    version "1.2.0"
  
  hoist-non-react-statics@^3.3.0, hoist-non-react-statics@^3.3.1, hoist-non-react-statics@^3.3.2:
    version "3.3.2"
    dependencies:
      react-is "^16.7.0"
  
  hpack.js@^2.1.6:
    version "2.1.6"
    dependencies:
      inherits "^2.0.1"
      obuf "^1.0.0"
      readable-stream "^2.0.1"
      wbuf "^1.1.0"
  
  html-encoding-sniffer@^2.0.1:
    version "2.0.1"
    dependencies:
      whatwg-encoding "^1.0.5"
  
  html-entities@^2.1.0, html-entities@^2.3.2:
    version "2.6.0"
  
  html-escaper@^2.0.0:
    version "2.0.2"
  
  html-minifier-terser@^6.0.2:
    version "6.1.0"
    dependencies:
      camel-case "^4.1.2"
      clean-css "^5.2.2"
      commander "^8.3.0"
      he "^1.2.0"
      param-case "^3.0.4"
      relateurl "^0.2.7"
      terser "^5.10.0"
  
  html-webpack-plugin@^5.5.0:
    version "5.6.3"
    dependencies:
      "@types/html-minifier-terser" "^6.0.0"
      html-minifier-terser "^6.0.2"
      lodash "^4.17.21"
      pretty-error "^4.0.0"
      tapable "^2.0.0"
  
  htmlparser2@^6.1.0:
    version "6.1.0"
    dependencies:
      domelementtype "^2.0.1"
      domhandler "^4.0.0"
      domutils "^2.5.2"
      entities "^2.0.0"
  
  http-cache-semantics@^4.0.0:
    version "4.2.0"
  
  http-deceiver@^1.2.7:
    version "1.2.7"
  
  http-errors@~1.6.2:
    version "1.6.3"
    dependencies:
      depd "~1.1.2"
      inherits "2.0.3"
      setprototypeof "1.1.0"
      statuses ">= 1.4.0 < 2"
  
  http-errors@2.0.0:
    version "2.0.0"
    dependencies:
      depd "2.0.0"
      inherits "2.0.4"
      setprototypeof "1.2.0"
      statuses "2.0.1"
      toidentifier "1.0.1"
  
  http-parser-js@>=0.5.1:
    version "0.5.10"
  
  http-proxy-agent@^4.0.1:
    version "4.0.1"
    dependencies:
      "@tootallnate/once" "1"
      agent-base "6"
      debug "4"
  
  http-proxy-middleware@^2.0.3:
    version "2.0.9"
    dependencies:
      "@types/http-proxy" "^1.17.8"
      http-proxy "^1.18.1"
      is-glob "^4.0.1"
      is-plain-obj "^3.0.0"
      micromatch "^4.0.2"
  
  http-proxy@^1.18.1:
    version "1.18.1"
    dependencies:
      eventemitter3 "^4.0.0"
      follow-redirects "^1.0.0"
      requires-port "^1.0.0"
  
  http-signature@~1.2.0:
    version "1.2.0"
    dependencies:
      assert-plus "^1.0.0"
      jsprim "^1.2.2"
      sshpk "^1.7.0"
  
  https-proxy-agent@^5.0.0:
    version "5.0.1"
    dependencies:
      agent-base "6"
      debug "4"
  
  human-signals@^2.1.0:
    version "2.1.0"
  
  hyphenate-style-name@^1.0.3:
    version "1.1.0"
    resolved "https://registry.npmjs.org/hyphenate-style-name/-/hyphenate-style-name-1.1.0.tgz"
    integrity sha512-WDC/ui2VVRrz3jOVi+XtjqkDjiVjTtFaAGiW37k6b+ohyQ5wYDOGkvCZa8+H0nx3gyvv0+BST9xuOgIyGQ00gw==
  
  i18next-conv@^9:
    version "9.2.1"
    dependencies:
      bluebird "^3.5.3"
      chalk "^2.4.2"
      commander "^2.19.0"
      gettext-parser "^3.1.0"
      mkdirp "^0.5.1"
      node-gettext "^2.0.0"
  
  i18next-scanner@^3.3.0:
    version "3.3.0"
    dependencies:
      acorn "^8.0.4"
      acorn-dynamic-import "^4.0.0"
      acorn-jsx "^5.3.1"
      acorn-stage3 "^4.0.0"
      acorn-walk "^8.0.0"
      chalk "^4.1.0"
      clone-deep "^4.0.0"
      commander "^6.2.0"
      deepmerge "^4.0.0"
      ensure-array "^1.0.0"
      eol "^0.9.1"
      esprima-next "^5.7.0"
      gulp-sort "^2.0.0"
      i18next "*"
      lodash "^4.0.0"
      parse5 "^6.0.0"
      sortobject "^4.0.0"
      through2 "^4.0.0"
      vinyl "^2.2.0"
      vinyl-fs "^3.0.1"
  
  i18next@*, i18next@^10.3:
    version "10.6.0"
  
  iconv-lite@^0.4.24:
    version "0.4.24"
    dependencies:
      safer-buffer ">= 2.1.2 < 3"
  
  iconv-lite@^0.6.2:
    version "0.6.3"
    dependencies:
      safer-buffer ">= 2.1.2 < 3.0.0"
  
  iconv-lite@0.4.24:
    version "0.4.24"
    dependencies:
      safer-buffer ">= 2.1.2 < 3"
  
  icss-utils@^5.0.0, icss-utils@^5.1.0:
    version "5.1.0"
  
  idb@^6.0.0:
    version "6.1.5"
  
  idb@^7.0.1:
    version "7.1.1"
  
  ieee754@^1.1.13:
    version "1.2.1"
  
  ignore@^5.2.0, ignore@^5.2.4:
    version "5.3.2"
  
  immediate@~3.0.5:
    version "3.0.6"
    resolved "https://registry.npmjs.org/immediate/-/immediate-3.0.6.tgz"
    integrity sha512-XXOFtyqDjNDAQxVfYxuF7g9Il/IbWmmlQg2MYKOH8ExIT1qg6xc4zyS3HaEEATgs1btfzxq15ciUiY7gjSXRGQ==
  
  immer@^9.0.7:
    version "9.0.21"
  
  import-fresh@^3.1.0, import-fresh@^3.2.1, import-fresh@^3.3.0:
    version "3.3.1"
    dependencies:
      parent-module "^1.0.0"
      resolve-from "^4.0.0"
  
  import-lazy@^2.1.0:
    version "2.1.0"
  
  imurmurhash@^0.1.4:
    version "0.1.4"
  
  inflight@^1.0.4:
    version "1.0.6"
    dependencies:
      once "^1.3.0"
      wrappy "1"
  
  inherits@^2.0.1, inherits@^2.0.3, inherits@^2.0.4, inherits@~2.0.0, inherits@~2.0.1, inherits@~2.0.3, inherits@2, inherits@2.0.4:
    version "2.0.4"
  
  inherits@2.0.3:
    version "2.0.3"
  
  ini@^1.3.4, ini@^1.3.5, ini@~1.3.0:
    version "1.3.8"
  
  inquirer@^7.3.3:
    version "7.3.3"
    dependencies:
      ansi-escapes "^4.2.1"
      chalk "^4.1.0"
      cli-cursor "^3.1.0"
      cli-width "^3.0.0"
      external-editor "^3.0.3"
      figures "^3.0.0"
      lodash "^4.17.19"
      mute-stream "0.0.8"
      run-async "^2.4.0"
      rxjs "^6.6.0"
      string-width "^4.1.0"
      strip-ansi "^6.0.0"
      through "^2.3.6"
  
  internal-slot@^1.1.0:
    version "1.1.0"
    dependencies:
      es-errors "^1.3.0"
      hasown "^2.0.2"
      side-channel "^1.1.0"
  
  invariant@^2.2.4:
    version "2.2.4"
    dependencies:
      loose-envify "^1.0.0"
  
  ipaddr.js@^2.0.1:
    version "2.2.0"
  
  ipaddr.js@1.9.1:
    version "1.9.1"
  
  is-absolute@^1.0.0:
    version "1.0.0"
    dependencies:
      is-relative "^1.0.0"
      is-windows "^1.0.1"
  
  is-array-buffer@^3.0.4, is-array-buffer@^3.0.5:
    version "3.0.5"
    dependencies:
      call-bind "^1.0.8"
      call-bound "^1.0.3"
      get-intrinsic "^1.2.6"
  
  is-arrayish@^0.2.1:
    version "0.2.1"
  
  is-async-function@^2.0.0:
    version "2.1.1"
    dependencies:
      async-function "^1.0.0"
      call-bound "^1.0.3"
      get-proto "^1.0.1"
      has-tostringtag "^1.0.2"
      safe-regex-test "^1.1.0"
  
  is-bigint@^1.1.0:
    version "1.1.0"
    dependencies:
      has-bigints "^1.0.2"
  
  is-binary-path@~2.1.0:
    version "2.1.0"
    dependencies:
      binary-extensions "^2.0.0"
  
  is-boolean-object@^1.2.1:
    version "1.2.2"
    dependencies:
      call-bound "^1.0.3"
      has-tostringtag "^1.0.2"
  
  is-buffer@^1.1.5:
    version "1.1.6"
  
  is-builtin-module@^3.2.1:
    version "3.2.1"
    dependencies:
      builtin-modules "^3.3.0"
  
  is-callable@^1.2.7:
    version "1.2.7"
  
  is-ci@^2.0.0:
    version "2.0.0"
    dependencies:
      ci-info "^2.0.0"
  
  is-core-module@^2.12.1, is-core-module@^2.13.0, is-core-module@^2.16.0, is-core-module@^2.16.1:
    version "2.16.1"
    dependencies:
      hasown "^2.0.2"
  
  is-data-view@^1.0.1, is-data-view@^1.0.2:
    version "1.0.2"
    dependencies:
      call-bound "^1.0.2"
      get-intrinsic "^1.2.6"
      is-typed-array "^1.1.13"
  
  is-date-object@^1.0.5, is-date-object@^1.1.0:
    version "1.1.0"
    dependencies:
      call-bound "^1.0.2"
      has-tostringtag "^1.0.2"
  
  is-docker@^2.0.0, is-docker@^2.1.1:
    version "2.2.1"
  
  is-extglob@^2.1.0, is-extglob@^2.1.1:
    version "2.1.1"
  
  is-finalizationregistry@^1.1.0:
    version "1.1.1"
    dependencies:
      call-bound "^1.0.3"
  
  is-fullwidth-code-point@^2.0.0:
    version "2.0.0"
  
  is-fullwidth-code-point@^3.0.0:
    version "3.0.0"
  
  is-generator-fn@^2.0.0:
    version "2.1.0"
  
  is-generator-function@^1.0.10:
    version "1.1.0"
    dependencies:
      call-bound "^1.0.3"
      get-proto "^1.0.0"
      has-tostringtag "^1.0.2"
      safe-regex-test "^1.1.0"
  
  is-glob@^3.1.0:
    version "3.1.0"
    dependencies:
      is-extglob "^2.1.0"
  
  is-glob@^4.0.0, is-glob@^4.0.1, is-glob@^4.0.3, is-glob@~4.0.1:
    version "4.0.3"
    dependencies:
      is-extglob "^2.1.1"
  
  is-in-browser@^1.0.2, is-in-browser@^1.1.3:
    version "1.1.3"
    resolved "https://registry.npmjs.org/is-in-browser/-/is-in-browser-1.1.3.tgz"
    integrity sha512-FeXIBgG/CPGd/WUxuEyvgGTEfwiG9Z4EKGxjNMRqviiIIfsmgrpnHLffEDdwUHqNva1VEW91o3xBT/m8Elgl9g==
  
  is-installed-globally@^0.1.0:
    version "0.1.0"
    dependencies:
      global-dirs "^0.1.0"
      is-path-inside "^1.0.0"
  
  is-map@^2.0.3:
    version "2.0.3"
  
  is-module@^1.0.0:
    version "1.0.0"
  
  is-negated-glob@^1.0.0:
    version "1.0.0"
  
  is-negative-zero@^2.0.3:
    version "2.0.3"
  
  is-npm@^3.0.0:
    version "3.0.0"
  
  is-number-object@^1.1.1:
    version "1.1.1"
    dependencies:
      call-bound "^1.0.3"
      has-tostringtag "^1.0.2"
  
  is-number@^7.0.0:
    version "7.0.0"
  
  is-obj@^1.0.0, is-obj@^1.0.1:
    version "1.0.1"
  
  is-path-inside@^1.0.0:
    version "1.0.1"
    dependencies:
      path-is-inside "^1.0.1"
  
  is-path-inside@^3.0.3:
    version "3.0.3"
  
  is-plain-obj@^3.0.0:
    version "3.0.0"
  
  is-plain-object@^2.0.4:
    version "2.0.4"
    dependencies:
      isobject "^3.0.1"
  
  is-potential-custom-element-name@^1.0.1:
    version "1.0.1"
  
  is-regex@^1.2.1:
    version "1.2.1"
    dependencies:
      call-bound "^1.0.2"
      gopd "^1.2.0"
      has-tostringtag "^1.0.2"
      hasown "^2.0.2"
  
  is-regexp@^1.0.0:
    version "1.0.0"
  
  is-relative@^1.0.0:
    version "1.0.0"
    dependencies:
      is-unc-path "^1.0.0"
  
  is-root@^2.1.0:
    version "2.1.0"
  
  is-set@^2.0.3:
    version "2.0.3"
  
  is-shared-array-buffer@^1.0.4:
    version "1.0.4"
    dependencies:
      call-bound "^1.0.3"
  
  is-stream@^1.1.0:
    version "1.1.0"
  
  is-stream@^2.0.0:
    version "2.0.1"
  
  is-string@^1.1.1:
    version "1.1.1"
    dependencies:
      call-bound "^1.0.3"
      has-tostringtag "^1.0.2"
  
  is-symbol@^1.0.4, is-symbol@^1.1.1:
    version "1.1.1"
    dependencies:
      call-bound "^1.0.2"
      has-symbols "^1.1.0"
      safe-regex-test "^1.1.0"
  
  is-typed-array@^1.1.13, is-typed-array@^1.1.14, is-typed-array@^1.1.15:
    version "1.1.15"
    dependencies:
      which-typed-array "^1.1.16"
  
  is-typedarray@^1.0.0, is-typedarray@~1.0.0:
    version "1.0.0"
  
  is-unc-path@^1.0.0:
    version "1.0.0"
    dependencies:
      unc-path-regex "^0.1.2"
  
  is-utf8@^0.2.1:
    version "0.2.1"
  
  is-valid-glob@^1.0.0:
    version "1.0.0"
  
  is-weakmap@^2.0.2:
    version "2.0.2"
  
  is-weakref@^1.0.2, is-weakref@^1.1.1:
    version "1.1.1"
    dependencies:
      call-bound "^1.0.3"
  
  is-weakset@^2.0.3:
    version "2.0.4"
    dependencies:
      call-bound "^1.0.3"
      get-intrinsic "^1.2.6"
  
  is-windows@^1.0.1:
    version "1.0.2"
  
  is-wsl@^2.1.1, is-wsl@^2.2.0:
    version "2.2.0"
    dependencies:
      is-docker "^2.0.0"
  
  is-yarn-global@^0.3.0:
    version "0.3.0"
  
  isarray@^2.0.5:
    version "2.0.5"
  
  isarray@~1.0.0:
    version "1.0.0"
    resolved "https://registry.npmjs.org/isarray/-/isarray-1.0.0.tgz"
    integrity sha512-VLghIWNM6ELQzo7zwmcg0NmTVyWKYjvIeM83yjp0wRDTmUnrM678fQbcKBo6n2CJEF0szoG//ytg+TKla89ALQ==
  
  isarray@0.0.1:
    version "0.0.1"
  
  isexe@^2.0.0:
    version "2.0.0"
  
  isobject@^3.0.1:
    version "3.0.1"
  
  isstream@~0.1.2:
    version "0.1.2"
  
  istanbul-lib-coverage@^3.0.0, istanbul-lib-coverage@^3.2.0:
    version "3.2.2"
  
  istanbul-lib-instrument@^5.0.4, istanbul-lib-instrument@^5.1.0:
    version "5.2.1"
    dependencies:
      "@babel/core" "^7.12.3"
      "@babel/parser" "^7.14.7"
      "@istanbuljs/schema" "^0.1.2"
      istanbul-lib-coverage "^3.2.0"
      semver "^6.3.0"
  
  istanbul-lib-report@^3.0.0:
    version "3.0.1"
    dependencies:
      istanbul-lib-coverage "^3.0.0"
      make-dir "^4.0.0"
      supports-color "^7.1.0"
  
  istanbul-lib-source-maps@^4.0.0:
    version "4.0.1"
    dependencies:
      debug "^4.1.1"
      istanbul-lib-coverage "^3.0.0"
      source-map "^0.6.1"
  
  istanbul-reports@^3.1.3:
    version "3.1.7"
    dependencies:
      html-escaper "^2.0.0"
      istanbul-lib-report "^3.0.0"
  
  iterator.prototype@^1.1.4:
    version "1.1.5"
    dependencies:
      define-data-property "^1.1.4"
      es-object-atoms "^1.0.0"
      get-intrinsic "^1.2.6"
      get-proto "^1.0.0"
      has-symbols "^1.1.0"
      set-function-name "^2.0.2"
  
  jackspeak@^4.1.1:
    version "4.1.1"
    dependencies:
      "@isaacs/cliui" "^8.0.2"
  
  jake@^10.8.5:
    version "10.9.2"
    dependencies:
      async "^3.2.3"
      chalk "^4.0.2"
      filelist "^1.0.4"
      minimatch "^3.1.2"
  
  jest-changed-files@^27.5.1:
    version "27.5.1"
    dependencies:
      "@jest/types" "^27.5.1"
      execa "^5.0.0"
      throat "^6.0.1"
  
  jest-circus@^27.5.1:
    version "27.5.1"
    dependencies:
      "@jest/environment" "^27.5.1"
      "@jest/test-result" "^27.5.1"
      "@jest/types" "^27.5.1"
      "@types/node" "*"
      chalk "^4.0.0"
      co "^4.6.0"
      dedent "^0.7.0"
      expect "^27.5.1"
      is-generator-fn "^2.0.0"
      jest-each "^27.5.1"
      jest-matcher-utils "^27.5.1"
      jest-message-util "^27.5.1"
      jest-runtime "^27.5.1"
      jest-snapshot "^27.5.1"
      jest-util "^27.5.1"
      pretty-format "^27.5.1"
      slash "^3.0.0"
      stack-utils "^2.0.3"
      throat "^6.0.1"
  
  jest-config@^27.5.1:
    version "27.5.1"
    dependencies:
      "@babel/core" "^7.8.0"
      "@jest/test-sequencer" "^27.5.1"
      "@jest/types" "^27.5.1"
      babel-jest "^27.5.1"
      chalk "^4.0.0"
      ci-info "^3.2.0"
      deepmerge "^4.2.2"
      glob "^7.1.1"
      graceful-fs "^4.2.9"
      jest-circus "^27.5.1"
      jest-environment-jsdom "^27.5.1"
      jest-environment-node "^27.5.1"
      jest-get-type "^27.5.1"
      jest-jasmine2 "^27.5.1"
      jest-regex-util "^27.5.1"
      jest-resolve "^27.5.1"
      jest-runner "^27.5.1"
      jest-util "^27.5.1"
      jest-validate "^27.5.1"
      micromatch "^4.0.4"
      parse-json "^5.2.0"
      pretty-format "^27.5.1"
      slash "^3.0.0"
      strip-json-comments "^3.1.1"
  
  jest-diff@^27.5.1:
    version "27.5.1"
    dependencies:
      chalk "^4.0.0"
      diff-sequences "^27.5.1"
      jest-get-type "^27.5.1"
      pretty-format "^27.5.1"
  
  jest-docblock@^27.5.1:
    version "27.5.1"
    dependencies:
      detect-newline "^3.0.0"
  
  jest-each@^27.5.1:
    version "27.5.1"
    dependencies:
      "@jest/types" "^27.5.1"
      chalk "^4.0.0"
      jest-get-type "^27.5.1"
      jest-util "^27.5.1"
      pretty-format "^27.5.1"
  
  jest-environment-jsdom@^27.5.1:
    version "27.5.1"
    dependencies:
      "@jest/environment" "^27.5.1"
      "@jest/fake-timers" "^27.5.1"
      "@jest/types" "^27.5.1"
      "@types/node" "*"
      jest-mock "^27.5.1"
      jest-util "^27.5.1"
      jsdom "^16.6.0"
  
  jest-environment-node@^27.5.1:
    version "27.5.1"
    dependencies:
      "@jest/environment" "^27.5.1"
      "@jest/fake-timers" "^27.5.1"
      "@jest/types" "^27.5.1"
      "@types/node" "*"
      jest-mock "^27.5.1"
      jest-util "^27.5.1"
  
  jest-get-type@^27.5.1:
    version "27.5.1"
  
  jest-haste-map@^27.5.1:
    version "27.5.1"
    dependencies:
      "@jest/types" "^27.5.1"
      "@types/graceful-fs" "^4.1.2"
      "@types/node" "*"
      anymatch "^3.0.3"
      fb-watchman "^2.0.0"
      graceful-fs "^4.2.9"
      jest-regex-util "^27.5.1"
      jest-serializer "^27.5.1"
      jest-util "^27.5.1"
      jest-worker "^27.5.1"
      micromatch "^4.0.4"
      walker "^1.0.7"
    optionalDependencies:
      fsevents "^2.3.2"
  
  jest-jasmine2@^27.5.1:
    version "27.5.1"
    dependencies:
      "@jest/environment" "^27.5.1"
      "@jest/source-map" "^27.5.1"
      "@jest/test-result" "^27.5.1"
      "@jest/types" "^27.5.1"
      "@types/node" "*"
      chalk "^4.0.0"
      co "^4.6.0"
      expect "^27.5.1"
      is-generator-fn "^2.0.0"
      jest-each "^27.5.1"
      jest-matcher-utils "^27.5.1"
      jest-message-util "^27.5.1"
      jest-runtime "^27.5.1"
      jest-snapshot "^27.5.1"
      jest-util "^27.5.1"
      pretty-format "^27.5.1"
      throat "^6.0.1"
  
  jest-leak-detector@^27.5.1:
    version "27.5.1"
    dependencies:
      jest-get-type "^27.5.1"
      pretty-format "^27.5.1"
  
  jest-matcher-utils@^27.5.1:
    version "27.5.1"
    dependencies:
      chalk "^4.0.0"
      jest-diff "^27.5.1"
      jest-get-type "^27.5.1"
      pretty-format "^27.5.1"
  
  jest-message-util@^27.5.1:
    version "27.5.1"
    dependencies:
      "@babel/code-frame" "^7.12.13"
      "@jest/types" "^27.5.1"
      "@types/stack-utils" "^2.0.0"
      chalk "^4.0.0"
      graceful-fs "^4.2.9"
      micromatch "^4.0.4"
      pretty-format "^27.5.1"
      slash "^3.0.0"
      stack-utils "^2.0.3"
  
  jest-mock@^27.5.1:
    version "27.5.1"
    dependencies:
      "@jest/types" "^27.5.1"
      "@types/node" "*"
  
  jest-pnp-resolver@^1.2.2:
    version "1.2.3"
  
  jest-regex-util@^27.5.1:
    version "27.5.1"
  
  jest-resolve-dependencies@^27.5.1:
    version "27.5.1"
    dependencies:
      "@jest/types" "^27.5.1"
      jest-regex-util "^27.5.1"
      jest-snapshot "^27.5.1"
  
  jest-resolve@*, jest-resolve@^27.5.1:
    version "27.5.1"
    dependencies:
      "@jest/types" "^27.5.1"
      chalk "^4.0.0"
      graceful-fs "^4.2.9"
      jest-haste-map "^27.5.1"
      jest-pnp-resolver "^1.2.2"
      jest-util "^27.5.1"
      jest-validate "^27.5.1"
      resolve "^1.20.0"
      resolve.exports "^1.1.0"
      slash "^3.0.0"
  
  jest-runner@^27.5.1:
    version "27.5.1"
    dependencies:
      "@jest/console" "^27.5.1"
      "@jest/environment" "^27.5.1"
      "@jest/test-result" "^27.5.1"
      "@jest/transform" "^27.5.1"
      "@jest/types" "^27.5.1"
      "@types/node" "*"
      chalk "^4.0.0"
      emittery "^0.8.1"
      graceful-fs "^4.2.9"
      jest-docblock "^27.5.1"
      jest-environment-jsdom "^27.5.1"
      jest-environment-node "^27.5.1"
      jest-haste-map "^27.5.1"
      jest-leak-detector "^27.5.1"
      jest-message-util "^27.5.1"
      jest-resolve "^27.5.1"
      jest-runtime "^27.5.1"
      jest-util "^27.5.1"
      jest-worker "^27.5.1"
      source-map-support "^0.5.6"
      throat "^6.0.1"
  
  jest-runtime@^27.5.1:
    version "27.5.1"
    dependencies:
      "@jest/environment" "^27.5.1"
      "@jest/fake-timers" "^27.5.1"
      "@jest/globals" "^27.5.1"
      "@jest/source-map" "^27.5.1"
      "@jest/test-result" "^27.5.1"
      "@jest/transform" "^27.5.1"
      "@jest/types" "^27.5.1"
      chalk "^4.0.0"
      cjs-module-lexer "^1.0.0"
      collect-v8-coverage "^1.0.0"
      execa "^5.0.0"
      glob "^7.1.3"
      graceful-fs "^4.2.9"
      jest-haste-map "^27.5.1"
      jest-message-util "^27.5.1"
      jest-mock "^27.5.1"
      jest-regex-util "^27.5.1"
      jest-resolve "^27.5.1"
      jest-snapshot "^27.5.1"
      jest-util "^27.5.1"
      slash "^3.0.0"
      strip-bom "^4.0.0"
  
  jest-serializer@^27.5.1:
    version "27.5.1"
    dependencies:
      "@types/node" "*"
      graceful-fs "^4.2.9"
  
  jest-snapshot@^27.5.1:
    version "27.5.1"
    dependencies:
      "@babel/core" "^7.7.2"
      "@babel/generator" "^7.7.2"
      "@babel/plugin-syntax-typescript" "^7.7.2"
      "@babel/traverse" "^7.7.2"
      "@babel/types" "^7.0.0"
      "@jest/transform" "^27.5.1"
      "@jest/types" "^27.5.1"
      "@types/babel__traverse" "^7.0.4"
      "@types/prettier" "^2.1.5"
      babel-preset-current-node-syntax "^1.0.0"
      chalk "^4.0.0"
      expect "^27.5.1"
      graceful-fs "^4.2.9"
      jest-diff "^27.5.1"
      jest-get-type "^27.5.1"
      jest-haste-map "^27.5.1"
      jest-matcher-utils "^27.5.1"
      jest-message-util "^27.5.1"
      jest-util "^27.5.1"
      natural-compare "^1.4.0"
      pretty-format "^27.5.1"
      semver "^7.3.2"
  
  jest-util@^27.5.1:
    version "27.5.1"
    dependencies:
      "@jest/types" "^27.5.1"
      "@types/node" "*"
      chalk "^4.0.0"
      ci-info "^3.2.0"
      graceful-fs "^4.2.9"
      picomatch "^2.2.3"
  
  jest-validate@^27.5.1:
    version "27.5.1"
    dependencies:
      "@jest/types" "^27.5.1"
      camelcase "^6.2.0"
      chalk "^4.0.0"
      jest-get-type "^27.5.1"
      leven "^3.1.0"
      pretty-format "^27.5.1"
  
  jest-watcher@^27.5.1:
    version "27.5.1"
    dependencies:
      "@jest/test-result" "^27.5.1"
      "@jest/types" "^27.5.1"
      "@types/node" "*"
      ansi-escapes "^4.2.1"
      chalk "^4.0.0"
      jest-util "^27.5.1"
      string-length "^4.0.1"
  
  jest-worker@^27.0.2, jest-worker@^27.4.5, jest-worker@^27.5.1:
    version "27.5.1"
    dependencies:
      "@types/node" "*"
      merge-stream "^2.0.0"
      supports-color "^8.0.0"
  
  jiti@^1.20.0:
    version "1.21.7"
  
  "js-tokens@^3.0.0 || ^4.0.0", js-tokens@^4.0.0:
    version "4.0.0"
  
  js-yaml@^3.13.1:
    version "3.14.1"
    dependencies:
      argparse "^1.0.7"
      esprima "^4.0.0"
  
  js-yaml@^4.1.0:
    version "4.1.0"
    dependencies:
      argparse "^2.0.1"
  
  jsbi@^4.1.0:
    version "4.3.2"
    resolved "https://registry.npmjs.org/jsbi/-/jsbi-4.3.2.tgz"
    integrity sha512-9fqMSQbhJykSeii05nxKl4m6Eqn2P6rOlYiS+C5Dr/HPIU/7yZxu5qzbs40tgaFORiw2Amd0mirjxatXYMkIew==
  
  jsbn@~0.1.0:
    version "0.1.1"
  
  jsdom@^16.6.0:
    version "16.7.0"
    dependencies:
      abab "^2.0.5"
      acorn "^8.2.4"
      acorn-globals "^6.0.0"
      cssom "^0.4.4"
      cssstyle "^2.3.0"
      data-urls "^2.0.0"
      decimal.js "^10.2.1"
      domexception "^2.0.1"
      escodegen "^2.0.0"
      form-data "^3.0.0"
      html-encoding-sniffer "^2.0.1"
      http-proxy-agent "^4.0.1"
      https-proxy-agent "^5.0.0"
      is-potential-custom-element-name "^1.0.1"
      nwsapi "^2.2.0"
      parse5 "6.0.1"
      saxes "^5.0.1"
      symbol-tree "^3.2.4"
      tough-cookie "^4.0.0"
      w3c-hr-time "^1.0.2"
      w3c-xmlserializer "^2.0.0"
      webidl-conversions "^6.1.0"
      whatwg-encoding "^1.0.5"
      whatwg-mimetype "^2.3.0"
      whatwg-url "^8.5.0"
      ws "^7.4.6"
      xml-name-validator "^3.0.0"
  
  jsesc@^3.0.2:
    version "3.1.0"
  
  jsesc@~3.0.2:
    version "3.0.2"
  
  json-buffer@3.0.0:
    version "3.0.0"
  
  json-buffer@3.0.1:
    version "3.0.1"
  
  json-parse-even-better-errors@^2.3.0, json-parse-even-better-errors@^2.3.1:
    version "2.3.1"
  
  json-schema-traverse@^0.4.1:
    version "0.4.1"
    resolved "https://registry.npmjs.org/json-schema-traverse/-/json-schema-traverse-0.4.1.tgz"
    integrity sha512-xbbCH5dCYU5T8LcEhhuh7HJ88HXuW3qsI3Y0zOZFKfZEHcpWiHU/Jxzk629Brsab/mMiHQti9wMP+845RPe3Vg==
  
  json-schema-traverse@^1.0.0:
    version "1.0.0"
    resolved "https://registry.npmjs.org/json-schema-traverse/-/json-schema-traverse-1.0.0.tgz"
    integrity sha512-NM8/P9n3XjXhIZn1lLhkFaACTOURQXjWhV4BA/RnOv8xvgqtqpAX9IO4mRQxSx1Rlo4tqzeqb0sOlruaOy3dug==
  
  json-schema@^0.4.0, json-schema@0.4.0:
    version "0.4.0"
  
  json-stable-stringify-without-jsonify@^1.0.1:
    version "1.0.1"
  
  json-stringify-safe@~5.0.1:
    version "5.0.1"
  
  json5@^1.0.1:
    version "1.0.2"
    dependencies:
      minimist "^1.2.0"
  
  json5@^1.0.2:
    version "1.0.2"
    dependencies:
      minimist "^1.2.0"
  
  json5@^2.1.2, json5@^2.2.0, json5@^2.2.3:
    version "2.2.3"
  
  jsonfile@^4.0.0:
    version "4.0.0"
    optionalDependencies:
      graceful-fs "^4.1.6"
  
  jsonfile@^6.0.1:
    version "6.1.0"
    dependencies:
      universalify "^2.0.0"
    optionalDependencies:
      graceful-fs "^4.1.6"
  
  jsonpointer@^5.0.0:
    version "5.0.1"
  
  jsprim@^1.2.2:
    version "1.4.2"
    dependencies:
      assert-plus "1.0.0"
      extsprintf "1.3.0"
      json-schema "0.4.0"
      verror "1.10.0"
  
  jss-plugin-camel-case@^10.10.0:
    version "10.10.0"
    resolved "https://registry.npmjs.org/jss-plugin-camel-case/-/jss-plugin-camel-case-10.10.0.tgz"
    integrity sha512-z+HETfj5IYgFxh1wJnUAU8jByI48ED+v0fuTuhKrPR+pRBYS2EDwbusU8aFOpCdYhtRc9zhN+PJ7iNE8pAWyPw==
    dependencies:
      "@babel/runtime" "^7.3.1"
      hyphenate-style-name "^1.0.3"
      jss "10.10.0"
  
  jss-plugin-default-unit@^10.10.0:
    version "10.10.0"
    resolved "https://registry.npmjs.org/jss-plugin-default-unit/-/jss-plugin-default-unit-10.10.0.tgz"
    integrity sha512-SvpajxIECi4JDUbGLefvNckmI+c2VWmP43qnEy/0eiwzRUsafg5DVSIWSzZe4d2vFX1u9nRDP46WCFV/PXVBGQ==
    dependencies:
      "@babel/runtime" "^7.3.1"
      jss "10.10.0"
  
  jss-plugin-global@^10.10.0:
    version "10.10.0"
    resolved "https://registry.npmjs.org/jss-plugin-global/-/jss-plugin-global-10.10.0.tgz"
    integrity sha512-icXEYbMufiNuWfuazLeN+BNJO16Ge88OcXU5ZDC2vLqElmMybA31Wi7lZ3lf+vgufRocvPj8443irhYRgWxP+A==
    dependencies:
      "@babel/runtime" "^7.3.1"
      jss "10.10.0"
  
  jss-plugin-nested@^10.10.0:
    version "10.10.0"
    resolved "https://registry.npmjs.org/jss-plugin-nested/-/jss-plugin-nested-10.10.0.tgz"
    integrity sha512-9R4JHxxGgiZhurDo3q7LdIiDEgtA1bTGzAbhSPyIOWb7ZubrjQe8acwhEQ6OEKydzpl8XHMtTnEwHXCARLYqYA==
    dependencies:
      "@babel/runtime" "^7.3.1"
      jss "10.10.0"
      tiny-warning "^1.0.2"
  
  jss-plugin-props-sort@^10.10.0:
    version "10.10.0"
    resolved "https://registry.npmjs.org/jss-plugin-props-sort/-/jss-plugin-props-sort-10.10.0.tgz"
    integrity sha512-5VNJvQJbnq/vRfje6uZLe/FyaOpzP/IH1LP+0fr88QamVrGJa0hpRRyAa0ea4U/3LcorJfBFVyC4yN2QC73lJg==
    dependencies:
      "@babel/runtime" "^7.3.1"
      jss "10.10.0"
  
  jss-plugin-rule-value-function@^10.10.0:
    version "10.10.0"
    resolved "https://registry.npmjs.org/jss-plugin-rule-value-function/-/jss-plugin-rule-value-function-10.10.0.tgz"
    integrity sha512-uEFJFgaCtkXeIPgki8ICw3Y7VMkL9GEan6SqmT9tqpwM+/t+hxfMUdU4wQ0MtOiMNWhwnckBV0IebrKcZM9C0g==
    dependencies:
      "@babel/runtime" "^7.3.1"
      jss "10.10.0"
      tiny-warning "^1.0.2"
  
  jss-plugin-vendor-prefixer@^10.10.0:
    version "10.10.0"
    resolved "https://registry.npmjs.org/jss-plugin-vendor-prefixer/-/jss-plugin-vendor-prefixer-10.10.0.tgz"
    integrity sha512-UY/41WumgjW8r1qMCO8l1ARg7NHnfRVWRhZ2E2m0DMYsr2DD91qIXLyNhiX83hHswR7Wm4D+oDYNC1zWCJWtqg==
    dependencies:
      "@babel/runtime" "^7.3.1"
      css-vendor "^2.0.8"
      jss "10.10.0"
  
  jss@^10.10.0, jss@10.10.0:
    version "10.10.0"
    resolved "https://registry.npmjs.org/jss/-/jss-10.10.0.tgz"
    integrity sha512-cqsOTS7jqPsPMjtKYDUpdFC0AbhYFLTcuGRqymgmdJIeQ8cH7+AgX7YSgQy79wXloZq2VvATYxUOUQEvS1V/Zw==
    dependencies:
      "@babel/runtime" "^7.3.1"
      csstype "^3.0.2"
      is-in-browser "^1.1.3"
      tiny-warning "^1.0.2"
  
  "jsx-ast-utils@^2.4.1 || ^3.0.0":
    version "3.3.5"
    dependencies:
      array-includes "^3.1.6"
      array.prototype.flat "^1.3.1"
      object.assign "^4.1.4"
      object.values "^1.1.6"
  
  jszip@^3.10.1:
    version "3.10.1"
    resolved "https://registry.npmjs.org/jszip/-/jszip-3.10.1.tgz"
    integrity sha512-xXDvecyTpGLrqFrvkrUSoxxfJI5AH7U8zxxtVclpsUtMCq4JQ290LY8AW5c7Ggnr/Y/oK+bQMbqK2qmtk3pN4g==
    dependencies:
      lie "~3.3.0"
      pako "~1.0.2"
      readable-stream "~2.3.6"
      setimmediate "^1.0.5"
  
  keyv@^3.0.0:
    version "3.1.0"
    dependencies:
      json-buffer "3.0.0"
  
  keyv@^4.5.3:
    version "4.5.4"
    dependencies:
      json-buffer "3.0.1"
  
  kind-of@^6.0.2:
    version "6.0.3"
  
  kleur@^3.0.3:
    version "3.0.3"
  
  latest-version@^5.0.0:
    version "5.1.0"
    dependencies:
      package-json "^6.3.0"
  
  launch-editor@^2.6.0:
    version "2.10.0"
    dependencies:
      picocolors "^1.0.0"
      shell-quote "^1.8.1"
  
  lazystream@^1.0.0:
    version "1.0.1"
    dependencies:
      readable-stream "^2.0.5"
  
  lead@^1.0.0:
    version "1.0.0"
    dependencies:
      flush-write-stream "^1.0.2"
  
  leven@^3.1.0:
    version "3.1.0"
  
  levn@^0.4.1:
    version "0.4.1"
    dependencies:
      prelude-ls "^1.2.1"
      type-check "~0.4.0"
  
  lie@~3.3.0:
    version "3.3.0"
    resolved "https://registry.npmjs.org/lie/-/lie-3.3.0.tgz"
    integrity sha512-UaiMJzeWRlEujzAuw5LokY1L5ecNQYZKfmyZ9L7wDHb/p5etKaxXhohBcrw0EYby+G/NA52vRSN4N39dxHAIwQ==
    dependencies:
      immediate "~3.0.5"
  
  lilconfig@^2.0.3:
    version "2.1.0"
  
  lines-and-columns@^1.1.6:
    version "1.2.4"
  
  listenercount@~1.0.1:
    version "1.0.1"
    resolved "https://registry.npmjs.org/listenercount/-/listenercount-1.0.1.tgz"
    integrity sha512-3mk/Zag0+IJxeDrxSgaDPy4zZ3w05PRZeJNnlWhzFz5OkX49J4krc+A8X2d2M69vGMBEX0uyl8M+W+8gH+kBqQ==
  
  loader-runner@^4.2.0:
    version "4.3.0"
  
  loader-utils@^2.0.0, loader-utils@^2.0.4:
    version "2.0.4"
    dependencies:
      big.js "^5.2.2"
      emojis-list "^3.0.0"
      json5 "^2.1.2"
  
  loader-utils@^3.2.0:
    version "3.3.1"
  
  loader-utils@1.2.3:
    version "1.2.3"
    dependencies:
      big.js "^5.2.2"
      emojis-list "^2.0.0"
      json5 "^1.0.1"
  
  locate-path@^3.0.0:
    version "3.0.0"
    dependencies:
      p-locate "^3.0.0"
      path-exists "^3.0.0"
  
  locate-path@^5.0.0:
    version "5.0.0"
    dependencies:
      p-locate "^4.1.0"
  
  locate-path@^6.0.0:
    version "6.0.0"
    dependencies:
      p-locate "^5.0.0"
  
  lodash.debounce@^4.0.8:
    version "4.0.8"
  
  lodash.defaults@^4.2.0:
    version "4.2.0"
  
  lodash.difference@^4.5.0:
    version "4.5.0"
  
  lodash.escaperegexp@^4.1.2:
    version "4.1.2"
    resolved "https://registry.npmjs.org/lodash.escaperegexp/-/lodash.escaperegexp-4.1.2.tgz"
    integrity sha512-TM9YBvyC84ZxE3rgfefxUWiQKLilstD6k7PTGt6wfbtXF8ixIJLOL3VYyV/z+ZiPLsVxAsKAFVwWlWeb2Y8Yyw==
  
  lodash.flatten@^4.4.0:
    version "4.4.0"
  
  lodash.get@^4.4.2:
    version "4.4.2"
  
  lodash.groupby@^4.6.0:
    version "4.6.0"
    resolved "https://registry.npmjs.org/lodash.groupby/-/lodash.groupby-4.6.0.tgz"
    integrity sha512-5dcWxm23+VAoz+awKmBaiBvzox8+RqMgFhi7UvX9DHZr2HdxHXM/Wrf8cfKpsW37RNrvtPn6hSwNqurSILbmJw==
  
  lodash.isboolean@^3.0.3:
    version "3.0.3"
    resolved "https://registry.npmjs.org/lodash.isboolean/-/lodash.isboolean-3.0.3.tgz"
    integrity sha512-Bz5mupy2SVbPHURB98VAcw+aHh4vRV5IPNhILUCsOzRmsTmSQ17jIuqopAentWoehktxGd9e/hbIXq980/1QJg==
  
  lodash.isequal@^4.5.0:
    version "4.5.0"
    resolved "https://registry.npmjs.org/lodash.isequal/-/lodash.isequal-4.5.0.tgz"
    integrity sha512-pDo3lu8Jhfjqls6GkMgpahsF9kCyayhgykjyLMNFTKWrpVdAQtYyB4muAMWozBB4ig/dtWAmsMxLEI8wuz+DYQ==
  
  lodash.isfunction@^3.0.9:
    version "3.0.9"
    resolved "https://registry.npmjs.org/lodash.isfunction/-/lodash.isfunction-3.0.9.tgz"
    integrity sha512-AirXNj15uRIMMPihnkInB4i3NHeb4iBtNg9WRWuK2o31S+ePwwNmDPaTL3o7dTJ+VXNZim7rFs4rxN4YU1oUJw==
  
  lodash.isnil@^4.0.0:
    version "4.0.0"
    resolved "https://registry.npmjs.org/lodash.isnil/-/lodash.isnil-4.0.0.tgz"
    integrity sha512-up2Mzq3545mwVnMhTDMdfoG1OurpA/s5t88JmQX809eH3C8491iu2sfKhTfhQtKY78oPNhiaHJUpT/dUDAAtng==
  
  lodash.isplainobject@^4.0.6:
    version "4.0.6"
  
  lodash.isundefined@^3.0.1:
    version "3.0.1"
    resolved "https://registry.npmjs.org/lodash.isundefined/-/lodash.isundefined-3.0.1.tgz"
    integrity sha512-MXB1is3s899/cD8jheYYE2V9qTHwKvt+npCwpD+1Sxm3Q3cECXCiYHjeHWXNwr6Q0SOBPrYUDxendrO6goVTEA==
  
  lodash.memoize@^4.1.2:
    version "4.1.2"
  
  lodash.merge@^4.6.2:
    version "4.6.2"
  
  lodash.sortby@^4.7.0:
    version "4.7.0"
  
  lodash.union@^4.6.0:
    version "4.6.0"
  
  lodash.uniq@^4.5.0:
    version "4.5.0"
  
  lodash@^4.0.0, lodash@^4.17.11, lodash@^4.17.14, lodash@^4.17.19, lodash@^4.17.20, lodash@^4.17.21, lodash@^4.7.0:
    version "4.17.21"
  
  loose-envify@^1.0.0, loose-envify@^1.1.0, loose-envify@^1.4.0:
    version "1.4.0"
    dependencies:
      js-tokens "^3.0.0 || ^4.0.0"
  
  lottie-react@^2.4.0:
    version "2.4.1"
    resolved "https://registry.npmjs.org/lottie-react/-/lottie-react-2.4.1.tgz"
    integrity sha512-LQrH7jlkigIIv++wIyrOYFLHSKQpEY4zehPicL9bQsrt1rnoKRYCYgpCUe5maqylNtacy58/sQDZTkwMcTRxZw==
    dependencies:
      lottie-web "^5.10.2"
  
  lottie-web@^5.10.2:
    version "5.13.0"
    resolved "https://registry.npmjs.org/lottie-web/-/lottie-web-5.13.0.tgz"
    integrity sha512-+gfBXl6sxXMPe8tKQm7qzLnUy5DUPJPKIyRHwtpCpyUEYjHYRJC/5gjUvdkuO2c3JllrPtHXH5UJJK8LRYl5yQ==
  
  lower-case@^2.0.2:
    version "2.0.2"
    dependencies:
      tslib "^2.0.3"
  
  lowercase-keys@^1.0.0, lowercase-keys@^1.0.1:
    version "1.0.1"
  
  lowercase-keys@^2.0.0:
    version "2.0.0"
  
  lru-cache@^11.0.0:
    version "11.1.0"
  
  lru-cache@^4.0.1:
    version "4.1.5"
    dependencies:
      pseudomap "^1.0.2"
      yallist "^2.1.2"
  
  lru-cache@^5.1.1:
    version "5.1.1"
    dependencies:
      yallist "^3.0.2"
  
  magic-string@^0.25.0:
    version "0.25.9"
    dependencies:
      sourcemap-codec "^1.4.8"
  
  magic-string@^0.25.7:
    version "0.25.9"
    dependencies:
      sourcemap-codec "^1.4.8"
  
  magic-string@^0.30.11:
    version "0.30.17"
    dependencies:
      "@jridgewell/sourcemap-codec" "^1.5.0"
  
  make-dir@^1.0.0:
    version "1.3.0"
    dependencies:
      pify "^3.0.0"
  
  make-dir@^3.0.2, make-dir@^3.1.0:
    version "3.1.0"
    dependencies:
      semver "^6.0.0"
  
  make-dir@^4.0.0:
    version "4.0.0"
    dependencies:
      semver "^7.5.3"
  
  makeerror@1.0.12:
    version "1.0.12"
    dependencies:
      tmpl "1.0.5"
  
  math-intrinsics@^1.1.0:
    version "1.1.0"
  
  mdn-data@2.0.14:
    version "2.0.14"
  
  media-typer@0.3.0:
    version "0.3.0"
  
  memfs@^3.1.2, memfs@^3.4.3:
    version "3.5.3"
    dependencies:
      fs-monkey "^1.0.4"
  
  memoize-one@^5.1.1:
    version "5.2.1"
    resolved "https://registry.npmjs.org/memoize-one/-/memoize-one-5.2.1.tgz"
    integrity sha512-zYiwtZUcYyXKo/np96AGZAckk+FWWsUdJ3cHGGmld7+AhvcWmQyGCYUh1hc4Q/pkOhb65dQR/pqCyK0cOaHz4Q==
  
  merge-descriptors@1.0.3:
    version "1.0.3"
  
  merge-stream@^2.0.0:
    version "2.0.0"
  
  merge2@^1.3.0, merge2@^1.4.1:
    version "1.4.1"
  
  methods@~1.1.2:
    version "1.1.2"
  
  micromatch@^4.0.2, micromatch@^4.0.4, micromatch@^4.0.8:
    version "4.0.8"
    dependencies:
      braces "^3.0.3"
      picomatch "^2.3.1"
  
  "mime-db@>= 1.43.0 < 2", mime-db@1.52.0:
    version "1.52.0"
  
  mime-types@^2.1.12, mime-types@^2.1.27, mime-types@^2.1.31, mime-types@^2.1.35, mime-types@~2.1.17, mime-types@~2.1.19, mime-types@~2.1.24, mime-types@~2.1.34:
    version "2.1.35"
    dependencies:
      mime-db "1.52.0"
  
  mime@1.6.0:
    version "1.6.0"
  
  mimic-fn@^2.1.0:
    version "2.1.0"
  
  mimic-response@^1.0.0, mimic-response@^1.0.1:
    version "1.0.1"
  
  mini-css-extract-plugin@^2.5.3:
    version "2.9.2"
    dependencies:
      schema-utils "^4.0.0"
      tapable "^2.2.1"
  
  minimalistic-assert@^1.0.0:
    version "1.0.1"
  
  minimatch@^10.0.3:
    version "10.0.3"
    dependencies:
      "@isaacs/brace-expansion" "^5.0.0"
  
  minimatch@^3.0.3, minimatch@^3.0.4, minimatch@^3.0.5, minimatch@^3.1.1, minimatch@^3.1.2:
    version "3.1.2"
    dependencies:
      brace-expansion "^1.1.7"
  
  minimatch@^5.0.1:
    version "5.1.6"
    dependencies:
      brace-expansion "^2.0.1"
  
  minimatch@^5.1.0:
    version "5.1.6"
    resolved "https://registry.npmjs.org/minimatch/-/minimatch-5.1.6.tgz"
    integrity sha512-lKwV/1brpG6mBUFHtb7NUmtABCb2WZZmm2wNiOA5hAb8VdCS4B3dtMWyvcoViccwAW/COERjXLt0zP1zXUN26g==
    dependencies:
      brace-expansion "^2.0.1"
  
  minimatch@~3.0.2:
    version "3.0.8"
    dependencies:
      brace-expansion "^1.1.7"
  
  minimist@^1.2.0, minimist@^1.2.5, minimist@^1.2.6:
    version "1.2.8"
  
  minipass@^2.6.0, minipass@^2.9.0:
    version "2.9.0"
    dependencies:
      safe-buffer "^5.1.2"
      yallist "^3.0.0"
  
  minipass@^7.1.2:
    version "7.1.2"
  
  minizlib@^1.3.3:
    version "1.3.3"
    dependencies:
      minipass "^2.9.0"
  
  mkdirp@^0.5.1:
    version "0.5.6"
    dependencies:
      minimist "^1.2.6"
  
  mkdirp@^0.5.5:
    version "0.5.6"
    dependencies:
      minimist "^1.2.6"
  
  mkdirp@^1.0.4:
    version "1.0.4"
  
  "mkdirp@>=0.5 0":
    version "0.5.6"
    resolved "https://registry.npmjs.org/mkdirp/-/mkdirp-0.5.6.tgz"
    integrity sha512-FP+p8RB8OWpF3YZBCrP5gtADmtXApB5AMLn+vdyA+PyxCjrCs00mjyUozssO33cwDeT3wNGdLxJ5M//YqtHAJw==
    dependencies:
      minimist "^1.2.6"
  
  moment@^2.24.0, moment@^2.29.1, moment@^2.29.4:
    version "2.30.1"
  
  ms@^2.1.1, ms@^2.1.3, ms@2.1.3:
    version "2.1.3"
  
  ms@2.0.0:
    version "2.0.0"
  
  multicast-dns@^7.2.5:
    version "7.2.5"
    dependencies:
      dns-packet "^5.2.2"
      thunky "^1.0.2"
  
  mute-stream@0.0.8:
    version "0.0.8"
  
  nanoid@^3.3.11:
    version "3.3.11"
  
  natural-compare-lite@^1.4.0:
    version "1.4.0"
    resolved "https://registry.npmjs.org/natural-compare-lite/-/natural-compare-lite-1.4.0.tgz"
    integrity sha512-Tj+HTDSJJKaZnfiuw+iaF9skdPpTo2GtEly5JHnWV/hfv2Qj/9RKsGISQtLh2ox3l5EAGw487hnBee0sIJ6v2g==
  
  natural-compare@^1.4.0:
    version "1.4.0"
  
  negotiator@~0.6.4:
    version "0.6.4"
  
  negotiator@0.6.3:
    version "0.6.3"
  
  neo-async@^2.6.2:
    version "2.6.2"
  
  no-case@^3.0.4:
    version "3.0.4"
    dependencies:
      lower-case "^2.0.2"
      tslib "^2.0.3"
  
  node-forge@^1:
    version "1.3.1"
  
  node-gettext@^2.0.0:
    version "2.1.0"
    dependencies:
      lodash.get "^4.4.2"
  
  node-http-proxy-json@^0.1.9:
    version "0.1.9"
    dependencies:
      bufferhelper "^0.2.1"
      concat-stream "^1.5.1"
  
  node-int64@^0.4.0:
    version "0.4.0"
  
  node-releases@^2.0.19:
    version "2.0.19"
  
  noms@0.0.0:
    version "0.0.0"
    dependencies:
      inherits "^2.0.1"
      readable-stream "~1.0.31"
  
  normalize-path@^2.1.1:
    version "2.1.1"
    dependencies:
      remove-trailing-separator "^1.0.1"
  
  normalize-path@^3.0.0, normalize-path@~3.0.0:
    version "3.0.0"
  
  normalize-url@^4.1.0:
    version "4.5.1"
  
  normalize-url@^6.0.1:
    version "6.1.0"
  
  now-and-later@^2.0.0:
    version "2.0.1"
    dependencies:
      once "^1.3.2"
  
  npm-run-path@^2.0.0:
    version "2.0.2"
    dependencies:
      path-key "^2.0.0"
  
  npm-run-path@^4.0.1:
    version "4.0.1"
    dependencies:
      path-key "^3.0.0"
  
  nth-check@^2.0.1:
    version "2.1.1"
    dependencies:
      boolbase "^1.0.0"
  
  nwsapi@^2.2.0:
    version "2.2.20"
  
  oauth-sign@~0.9.0:
    version "0.9.0"
  
  object-assign@^4.1.1:
    version "4.1.1"
  
  object-inspect@^1.13.3, object-inspect@^1.13.4:
    version "1.13.4"
  
  object-keys@^1.1.1:
    version "1.1.1"
  
  object.assign@^4.0.4, object.assign@^4.1.4, object.assign@^4.1.7:
    version "4.1.7"
    dependencies:
      call-bind "^1.0.8"
      call-bound "^1.0.3"
      define-properties "^1.2.1"
      es-object-atoms "^1.0.0"
      has-symbols "^1.1.0"
      object-keys "^1.1.1"
  
  object.entries@^1.1.9:
    version "1.1.9"
    dependencies:
      call-bind "^1.0.8"
      call-bound "^1.0.4"
      define-properties "^1.2.1"
      es-object-atoms "^1.1.1"
  
  object.fromentries@^2.0.8:
    version "2.0.8"
    dependencies:
      call-bind "^1.0.7"
      define-properties "^1.2.1"
      es-abstract "^1.23.2"
      es-object-atoms "^1.0.0"
  
  object.groupby@^1.0.3:
    version "1.0.3"
    dependencies:
      call-bind "^1.0.7"
      define-properties "^1.2.1"
      es-abstract "^1.23.2"
  
  object.values@^1.1.6, object.values@^1.2.1:
    version "1.2.1"
    dependencies:
      call-bind "^1.0.8"
      call-bound "^1.0.3"
      define-properties "^1.2.1"
      es-object-atoms "^1.0.0"
  
  obuf@^1.0.0, obuf@^1.1.2:
    version "1.1.2"
  
  on-finished@2.4.1:
    version "2.4.1"
    dependencies:
      ee-first "1.1.1"
  
  on-headers@~1.0.2:
    version "1.0.2"
  
  once@^1.3.0, once@^1.3.1, once@^1.3.2, once@^1.4.0:
    version "1.4.0"
    dependencies:
      wrappy "1"
  
  onetime@^5.1.0, onetime@^5.1.2:
    version "5.1.2"
    dependencies:
      mimic-fn "^2.1.0"
  
  open@^7.3.1:
    version "7.4.2"
    dependencies:
      is-docker "^2.0.0"
      is-wsl "^2.1.1"
  
  open@^8.0.9, open@^8.4.0:
    version "8.4.2"
    dependencies:
      define-lazy-prop "^2.0.0"
      is-docker "^2.1.1"
      is-wsl "^2.2.0"
  
  optionator@^0.9.3:
    version "0.9.4"
    dependencies:
      deep-is "^0.1.3"
      fast-levenshtein "^2.0.6"
      levn "^0.4.1"
      prelude-ls "^1.2.1"
      type-check "^0.4.0"
      word-wrap "^1.2.5"
  
  ordered-read-streams@^1.0.0:
    version "1.0.1"
    dependencies:
      readable-stream "^2.0.1"
  
  os-tmpdir@~1.0.2:
    version "1.0.2"
  
  own-keys@^1.0.1:
    version "1.0.1"
    dependencies:
      get-intrinsic "^1.2.6"
      object-keys "^1.1.1"
      safe-push-apply "^1.0.0"
  
  p-cancelable@^1.0.0:
    version "1.1.0"
  
  p-finally@^1.0.0:
    version "1.0.0"
  
  p-limit@^2.0.0:
    version "2.3.0"
    dependencies:
      p-try "^2.0.0"
  
  p-limit@^2.2.0:
    version "2.3.0"
    dependencies:
      p-try "^2.0.0"
  
  p-limit@^3.0.2:
    version "3.1.0"
    dependencies:
      yocto-queue "^0.1.0"
  
  p-locate@^3.0.0:
    version "3.0.0"
    dependencies:
      p-limit "^2.0.0"
  
  p-locate@^4.1.0:
    version "4.1.0"
    dependencies:
      p-limit "^2.2.0"
  
  p-locate@^5.0.0:
    version "5.0.0"
    dependencies:
      p-limit "^3.0.2"
  
  p-retry@^4.5.0:
    version "4.6.2"
    dependencies:
      "@types/retry" "0.12.0"
      retry "^0.13.1"
  
  p-try@^2.0.0:
    version "2.2.0"
  
  package-json-from-dist@^1.0.0:
    version "1.0.1"
  
  package-json@^6.3.0:
    version "6.5.0"
    dependencies:
      got "^9.6.0"
      registry-auth-token "^4.0.0"
      registry-url "^5.0.0"
      semver "^6.2.0"
  
  pako@~1.0.2:
    version "1.0.11"
    resolved "https://registry.npmjs.org/pako/-/pako-1.0.11.tgz"
    integrity sha512-4hLB8Py4zZce5s4yd9XzopqwVv/yGNhV1Bl8NTmCq1763HeK2+EwVTv+leGeL13Dnh2wfbqowVPXCIO0z4taYw==
  
  param-case@^3.0.4:
    version "3.0.4"
    dependencies:
      dot-case "^3.0.4"
      tslib "^2.0.3"
  
  parent-module@^1.0.0:
    version "1.0.1"
    dependencies:
      callsites "^3.0.0"
  
  parse-author@^2.0.0:
    version "2.0.0"
    dependencies:
      author-regex "^1.0.0"
  
  parse-gitignore@^1.0.1:
    version "1.0.1"
  
  parse-json@^5.0.0, parse-json@^5.2.0:
    version "5.2.0"
    dependencies:
      "@babel/code-frame" "^7.0.0"
      error-ex "^1.3.1"
      json-parse-even-better-errors "^2.3.0"
      lines-and-columns "^1.1.6"
  
  parse5@^6.0.0, parse5@6.0.1:
    version "6.0.1"
  
  parseurl@~1.3.2, parseurl@~1.3.3:
    version "1.3.3"
  
  pascal-case@^3.1.2:
    version "3.1.2"
    dependencies:
      no-case "^3.0.4"
      tslib "^2.0.3"
  
  path-dirname@^1.0.0:
    version "1.0.2"
  
  path-exists@^3.0.0:
    version "3.0.0"
  
  path-exists@^4.0.0:
    version "4.0.0"
  
  path-is-absolute@^1.0.0:
    version "1.0.1"
  
  path-is-inside@^1.0.1:
    version "1.0.2"
  
  path-key@^2.0.0:
    version "2.0.1"
  
  path-key@^3.0.0, path-key@^3.1.0:
    version "3.1.1"
  
  path-parse@^1.0.7:
    version "1.0.7"
  
  path-scurry@^2.0.0:
    version "2.0.0"
    dependencies:
      lru-cache "^11.0.0"
      minipass "^7.1.2"
  
  path-to-regexp@0.1.12:
    version "0.1.12"
  
  path-type@^4.0.0:
    version "4.0.0"
  
  performance-now@^2.1.0:
    version "2.1.0"
  
  picocolors@^1.0.0, picocolors@^1.1.1:
    version "1.1.1"
  
  picomatch@^2.0.4, picomatch@^2.2.1, picomatch@^2.2.2, picomatch@^2.2.3, picomatch@^2.3.1:
    version "2.3.1"
  
  picomatch@^4.0.2:
    version "4.0.2"
  
  pify@^3.0.0:
    version "3.0.0"
  
  pirates@^4.0.4:
    version "4.0.7"
  
  pkg-dir@^4.1.0:
    version "4.2.0"
    dependencies:
      find-up "^4.0.0"
  
  pkg-up@^3.1.0:
    version "3.1.0"
    dependencies:
      find-up "^3.0.0"
  
  possible-typed-array-names@^1.0.0:
    version "1.1.0"
  
  post-robot@^10.0.46:
    version "10.0.46"
    dependencies:
      belter "^1.0.41"
      cross-domain-safe-weakmap "^1.0.1"
      cross-domain-utils "^2.0.0"
      universal-serialize "^1.0.4"
      zalgo-promise "^1.0.3"
  
  postcss-calc@^8.2.3:
    version "8.2.4"
    dependencies:
      postcss-selector-parser "^6.0.9"
      postcss-value-parser "^4.2.0"
  
  postcss-colormin@^5.3.1:
    version "5.3.1"
    dependencies:
      browserslist "^4.21.4"
      caniuse-api "^3.0.0"
      colord "^2.9.1"
      postcss-value-parser "^4.2.0"
  
  postcss-convert-values@^5.1.3:
    version "5.1.3"
    dependencies:
      browserslist "^4.21.4"
      postcss-value-parser "^4.2.0"
  
  postcss-discard-comments@^5.1.2:
    version "5.1.2"
  
  postcss-discard-duplicates@^5.1.0:
    version "5.1.0"
  
  postcss-discard-empty@^5.1.1:
    version "5.1.1"
  
  postcss-discard-overridden@^5.1.0:
    version "5.1.0"
  
  postcss-loader@^7.0.1:
    version "7.3.4"
    dependencies:
      cosmiconfig "^8.3.5"
      jiti "^1.20.0"
      semver "^7.5.4"
  
  postcss-merge-longhand@^5.1.7:
    version "5.1.7"
    dependencies:
      postcss-value-parser "^4.2.0"
      stylehacks "^5.1.1"
  
  postcss-merge-rules@^5.1.4:
    version "5.1.4"
    dependencies:
      browserslist "^4.21.4"
      caniuse-api "^3.0.0"
      cssnano-utils "^3.1.0"
      postcss-selector-parser "^6.0.5"
  
  postcss-minify-font-values@^5.1.0:
    version "5.1.0"
    dependencies:
      postcss-value-parser "^4.2.0"
  
  postcss-minify-gradients@^5.1.1:
    version "5.1.1"
    dependencies:
      colord "^2.9.1"
      cssnano-utils "^3.1.0"
      postcss-value-parser "^4.2.0"
  
  postcss-minify-params@^5.1.4:
    version "5.1.4"
    dependencies:
      browserslist "^4.21.4"
      cssnano-utils "^3.1.0"
      postcss-value-parser "^4.2.0"
  
  postcss-minify-selectors@^5.2.1:
    version "5.2.1"
    dependencies:
      postcss-selector-parser "^6.0.5"
  
  postcss-modules-extract-imports@^3.1.0:
    version "3.1.0"
  
  postcss-modules-local-by-default@^4.0.5:
    version "4.2.0"
    dependencies:
      icss-utils "^5.0.0"
      postcss-selector-parser "^7.0.0"
      postcss-value-parser "^4.1.0"
  
  postcss-modules-scope@^3.2.0:
    version "3.2.1"
    dependencies:
      postcss-selector-parser "^7.0.0"
  
  postcss-modules-values@^4.0.0:
    version "4.0.0"
    dependencies:
      icss-utils "^5.0.0"
  
  postcss-normalize-charset@^5.1.0:
    version "5.1.0"
  
  postcss-normalize-display-values@^5.1.0:
    version "5.1.0"
    dependencies:
      postcss-value-parser "^4.2.0"
  
  postcss-normalize-positions@^5.1.1:
    version "5.1.1"
    dependencies:
      postcss-value-parser "^4.2.0"
  
  postcss-normalize-repeat-style@^5.1.1:
    version "5.1.1"
    dependencies:
      postcss-value-parser "^4.2.0"
  
  postcss-normalize-string@^5.1.0:
    version "5.1.0"
    dependencies:
      postcss-value-parser "^4.2.0"
  
  postcss-normalize-timing-functions@^5.1.0:
    version "5.1.0"
    dependencies:
      postcss-value-parser "^4.2.0"
  
  postcss-normalize-unicode@^5.1.1:
    version "5.1.1"
    dependencies:
      browserslist "^4.21.4"
      postcss-value-parser "^4.2.0"
  
  postcss-normalize-url@^5.1.0:
    version "5.1.0"
    dependencies:
      normalize-url "^6.0.1"
      postcss-value-parser "^4.2.0"
  
  postcss-normalize-whitespace@^5.1.1:
    version "5.1.1"
    dependencies:
      postcss-value-parser "^4.2.0"
  
  postcss-ordered-values@^5.1.3:
    version "5.1.3"
    dependencies:
      cssnano-utils "^3.1.0"
      postcss-value-parser "^4.2.0"
  
  postcss-reduce-initial@^5.1.2:
    version "5.1.2"
    dependencies:
      browserslist "^4.21.4"
      caniuse-api "^3.0.0"
  
  postcss-reduce-transforms@^5.1.0:
    version "5.1.0"
    dependencies:
      postcss-value-parser "^4.2.0"
  
  postcss-selector-parser@^6.0.4, postcss-selector-parser@^6.0.5, postcss-selector-parser@^6.0.9:
    version "6.1.2"
    dependencies:
      cssesc "^3.0.0"
      util-deprecate "^1.0.2"
  
  postcss-selector-parser@^7.0.0:
    version "7.1.0"
    dependencies:
      cssesc "^3.0.0"
      util-deprecate "^1.0.2"
  
  postcss-svgo@^5.1.0:
    version "5.1.0"
    dependencies:
      postcss-value-parser "^4.2.0"
      svgo "^2.7.0"
  
  postcss-unique-selectors@^5.1.1:
    version "5.1.1"
    dependencies:
      postcss-selector-parser "^6.0.5"
  
  postcss-value-parser@^4.1.0, postcss-value-parser@^4.2.0:
    version "4.2.0"
  
  "postcss@^7.0.0 || ^8.0.1", postcss@^8.0.9, postcss@^8.1.0, postcss@^8.2.15, postcss@^8.2.2, postcss@^8.3.5, postcss@^8.4.33, postcss@^8.4.43:
    version "8.5.6"
    dependencies:
      nanoid "^3.3.11"
      picocolors "^1.1.1"
      source-map-js "^1.2.1"
  
  prelude-ls@^1.2.1:
    version "1.2.1"
  
  prepend-http@^2.0.0:
    version "2.0.0"
  
  pretty-bytes@^5.3.0:
    version "5.6.0"
  
  pretty-error@^4.0.0:
    version "4.0.0"
    dependencies:
      lodash "^4.17.20"
      renderkid "^3.0.0"
  
  pretty-format@^27.5.1:
    version "27.5.1"
    dependencies:
      ansi-regex "^5.0.1"
      ansi-styles "^5.0.0"
      react-is "^17.0.1"
  
  process-nextick-args@^2.0.0, process-nextick-args@~2.0.0:
    version "2.0.1"
  
  prompts@^2.4.2:
    version "2.4.2"
    dependencies:
      kleur "^3.0.3"
      sisteransi "^1.0.5"
  
  prop-types-extra@^1.1.0:
    version "1.1.1"
    dependencies:
      react-is "^16.3.2"
      warning "^4.0.0"
  
  prop-types@^15, prop-types@^15.5.8, prop-types@^15.6.2, prop-types@^15.7.2, prop-types@^15.8.1:
    version "15.8.1"
    dependencies:
      loose-envify "^1.4.0"
      object-assign "^4.1.1"
      react-is "^16.13.1"
  
  proxy-addr@~2.0.7:
    version "2.0.7"
    dependencies:
      forwarded "0.2.0"
      ipaddr.js "1.9.1"
  
  pseudomap@^1.0.2:
    version "1.0.2"
  
  psl@^1.1.28, psl@^1.1.33:
    version "1.15.0"
    dependencies:
      punycode "^2.3.1"
  
  pump@^2.0.0:
    version "2.0.1"
    dependencies:
      end-of-stream "^1.1.0"
      once "^1.3.1"
  
  pump@^3.0.0:
    version "3.0.3"
    dependencies:
      end-of-stream "^1.1.0"
      once "^1.3.1"
  
  pumpify@^1.3.5:
    version "1.5.1"
    dependencies:
      duplexify "^3.6.0"
      inherits "^2.0.3"
      pump "^2.0.0"
  
  punycode@^2.1.0, punycode@^2.1.1, punycode@^2.3.1:
    version "2.3.1"
  
  qs@~6.5.2:
    version "6.5.3"
  
  qs@6.13.0:
    version "6.13.0"
    dependencies:
      side-channel "^1.0.6"
  
  querystringify@^2.1.1:
    version "2.2.0"
  
  queue-microtask@^1.2.2:
    version "1.2.3"
  
  raf-schd@^4.0.2:
    version "4.0.3"
    resolved "https://registry.npmjs.org/raf-schd/-/raf-schd-4.0.3.tgz"
    integrity sha512-tQkJl2GRWh83ui2DiPTJz9wEiMN20syf+5oKfB03yYP7ioZcJwsIK8FjrtLwH1m7C7e+Tt2yYBlrOpdT+dyeIQ==
  
  randombytes@^2.1.0:
    version "2.1.0"
    dependencies:
      safe-buffer "^5.1.0"
  
  range-parser@^1.2.1, range-parser@~1.2.1:
    version "1.2.1"
  
  raw-body@2.5.2:
    version "2.5.2"
    dependencies:
      bytes "3.1.2"
      http-errors "2.0.0"
      iconv-lite "0.4.24"
      unpipe "1.0.0"
  
  rc@^1.2.8, rc@1.2.8:
    version "1.2.8"
    dependencies:
      deep-extend "^0.6.0"
      ini "~1.3.0"
      minimist "^1.2.0"
      strip-json-comments "~2.0.1"
  
  react-beautiful-dnd@^13.1.1:
    version "13.1.1"
    resolved "https://registry.npmjs.org/react-beautiful-dnd/-/react-beautiful-dnd-13.1.1.tgz"
    integrity sha512-0Lvs4tq2VcrEjEgDXHjT98r+63drkKEgqyxdA7qD3mvKwga6a5SscbdLPO2IExotU1jW8L0Ksdl0Cj2AF67nPQ==
    dependencies:
      "@babel/runtime" "^7.9.2"
      css-box-model "^1.2.0"
      memoize-one "^5.1.1"
      raf-schd "^4.0.2"
      react-redux "^7.2.0"
      redux "^4.0.4"
      use-memo-one "^1.1.1"
  
  react-bootstrap@^2.10.5:
    version "2.10.10"
    dependencies:
      "@babel/runtime" "^7.24.7"
      "@restart/hooks" "^0.4.9"
      "@restart/ui" "^1.9.4"
      "@types/prop-types" "^15.7.12"
      "@types/react-transition-group" "^4.4.6"
      classnames "^2.3.2"
      dom-helpers "^5.2.1"
      invariant "^2.2.4"
      prop-types "^15.8.1"
      prop-types-extra "^1.1.0"
      react-transition-group "^4.4.5"
      uncontrollable "^7.2.1"
      warning "^4.0.3"
  
  react-date-range@1.4.0:
    version "1.4.0"
    resolved "https://registry.npmjs.org/react-date-range/-/react-date-range-1.4.0.tgz"
    integrity sha512-+9t0HyClbCqw1IhYbpWecjsiaftCeRN5cdhsi9v06YdimwyMR2yYHWcgVn3URwtN/txhqKpEZB6UX1fHpvK76w==
    dependencies:
      classnames "^2.2.6"
      prop-types "^15.7.2"
      react-list "^0.8.13"
      shallow-equal "^1.2.1"
  
  react-dev-utils@^12.0.0:
    version "12.0.1"
    dependencies:
      "@babel/code-frame" "^7.16.0"
      address "^1.1.2"
      browserslist "^4.18.1"
      chalk "^4.1.2"
      cross-spawn "^7.0.3"
      detect-port-alt "^1.1.6"
      escape-string-regexp "^4.0.0"
      filesize "^8.0.6"
      find-up "^5.0.0"
      fork-ts-checker-webpack-plugin "^6.5.0"
      global-modules "^2.0.0"
      globby "^11.0.4"
      gzip-size "^6.0.0"
      immer "^9.0.7"
      is-root "^2.1.0"
      loader-utils "^3.2.0"
      open "^8.4.0"
      pkg-up "^3.1.0"
      prompts "^2.4.2"
      react-error-overlay "^6.0.11"
      recursive-readdir "^2.2.2"
      shell-quote "^1.7.3"
      strip-ansi "^6.0.1"
      text-table "^0.2.0"
  
  "react-dom@^0.14.9 || ^15.3.0 || ^16.0.0-rc || ^16.0", "react-dom@^16.13 || ^18", react-dom@^16.8, "react-dom@^16.8 || ^18", "react-dom@^16.8.0 || ^17 || ^18", "react-dom@^16.8.0 || ^17.0.0 || ^18.0.0", "react-dom@^16.8.0 || ^17.0.0 || ^18.0.0 || ^19.0.0", "react-dom@^16.8.5 || ^17.0.0 || ^18.0.0", "react-dom@^16.8.6 || ^18", "react-dom@^17.0.0 || ^18.0.0 || ^19.0.0", react-dom@^18, react-dom@^18.3.1, "react-dom@^19.0.0 || ^18.0.0 || ^17.0.0 || ^16.2.0", react-dom@>=16.14.0, react-dom@>=16.6.0, react-dom@>=16.8:
    version "18.3.1"
    dependencies:
      loose-envify "^1.1.0"
      scheduler "^0.23.2"
  
  react-error-overlay@^6.0.11:
    version "6.1.0"
  
  react-fast-compare@^3.0.1:
    version "3.2.2"
    resolved "https://registry.npmjs.org/react-fast-compare/-/react-fast-compare-3.2.2.tgz"
    integrity sha512-nsO+KSNgo1SbJqJEYRE9ERzo7YtYbou/OqjSQKxV7jcKox7+usiUVZOAC+XnDOABXggQTno0Y1CpVnuWEc1boQ==
  
  react-file-icon@^1.5.0:
    version "1.6.0"
    resolved "https://registry.npmjs.org/react-file-icon/-/react-file-icon-1.6.0.tgz"
    integrity sha512-Ba4Qa2ya/kvhcCd4LJja77sV7JD7u1ZXcI1DUz+TII3nGmglG6QY+NZeHizThokgct3qI0glwb9eV8NqRGs5lw==
    dependencies:
      colord "^2.9.3"
      prop-types "^15.7.2"
  
  react-final-form@^6.5.3, react-final-form@^6.5.9:
    version "6.5.9"
    dependencies:
      "@babel/runtime" "^7.15.4"
  
  react-input-autosize@^2.1.2:
    version "2.2.2"
    resolved "https://registry.npmjs.org/react-input-autosize/-/react-input-autosize-2.2.2.tgz"
    integrity sha512-jQJgYCA3S0j+cuOwzuCd1OjmBmnZLdqQdiLKRYrsMMzbjUrVDS5RvJUDwJqA7sKuksDuzFtm6hZGKFu7Mjk5aw==
    dependencies:
      prop-types "^15.5.8"
  
  react-is@^16.13.1:
    version "16.13.1"
  
  react-is@^16.3.2:
    version "16.13.1"
  
  react-is@^16.7.0:
    version "16.13.1"
  
  react-is@^17.0.1:
    version "17.0.2"
  
  react-is@^17.0.2:
    version "17.0.2"
  
  react-is@^19.0.0, react-is@^19.1.0:
    version "19.1.0"
    resolved "https://registry.npmjs.org/react-is/-/react-is-19.1.0.tgz"
    integrity sha512-Oe56aUPnkHyyDxxkvqtd7KkdQP5uIUfHxd5XTb3wE9d/kRnZLmKbDB0GWk919tdQ+mxxPtG6EAs6RMT6i1qtHg==
  
  react-lifecycles-compat@^3.0.4:
    version "3.0.4"
  
  react-list@^0.8.13:
    version "0.8.18"
    resolved "https://registry.npmjs.org/react-list/-/react-list-0.8.18.tgz"
    integrity sha512-1OSdDvzuKuwDJvQNuhXxxL+jTmmdtKg1i6KtYgxI9XR98kbOql1FcSGP+Lcvo91fk3cYng+Z6YkC6X9HRJwxfw==
  
  react-popper@^2.2.5:
    version "2.3.0"
    resolved "https://registry.npmjs.org/react-popper/-/react-popper-2.3.0.tgz"
    integrity sha512-e1hj8lL3uM+sgSR4Lxzn5h1GxBlpa4CQz0XLF8kx4MDrDRWY0Ena4c97PUeSX9i5W3UAfDP0z0FXCTQkoXUl3Q==
    dependencies:
      react-fast-compare "^3.0.1"
      warning "^4.0.2"
  
  react-redux@^7.2.0:
    version "7.2.9"
    resolved "https://registry.npmjs.org/react-redux/-/react-redux-7.2.9.tgz"
    integrity sha512-Gx4L3uM182jEEayZfRbI/G11ZpYdNAnBs70lFVMNdHJI76XYtR+7m0MN+eAs7UHBPhWXcnFPaS+9owSCJQHNpQ==
    dependencies:
      "@babel/runtime" "^7.15.4"
      "@types/react-redux" "^7.1.20"
      hoist-non-react-statics "^3.3.2"
      loose-envify "^1.4.0"
      prop-types "^15.7.2"
      react-is "^17.0.2"
  
  react-refresh@^0.11.0, "react-refresh@>=0.10.0 <1.0.0":
    version "0.11.0"
  
  react-refresh@^0.17.0:
    version "0.17.0"
  
  react-router-dom@^6.28.0, react-router-dom@^6.29.0:
    version "6.30.1"
    dependencies:
      "@remix-run/router" "1.23.0"
      react-router "6.30.1"
  
  react-router@6.30.1:
    version "6.30.1"
    dependencies:
      "@remix-run/router" "1.23.0"
  
  react-select@1.3.0:
    version "1.3.0"
    resolved "https://registry.npmjs.org/react-select/-/react-select-1.3.0.tgz"
    integrity sha512-g/QAU1HZrzSfxkwMAo/wzi6/ezdWye302RGZevsATec07hI/iSxcpB1hejFIp7V63DJ8mwuign6KmB3VjdlinQ==
    dependencies:
      classnames "^2.2.4"
      prop-types "^15.5.8"
      react-input-autosize "^2.1.2"
  
  react-transition-group@^4.4.5:
    version "4.4.5"
    dependencies:
      "@babel/runtime" "^7.5.5"
      dom-helpers "^5.0.1"
      loose-envify "^1.4.0"
      prop-types "^15.6.2"
  
  "react@^0.14 || ^15.0.0-rc || >=15.0", "react@^0.14.9 || ^15.3.0 || ^16.0.0-rc || ^16.0", "react@^16.13 || ^18", react@^16.8, "react@^16.8 || ^18", "react@^16.8.0 || ^17 || ^18", "react@^16.8.0 || ^17.0.0 || ^18.0.0", "react@^16.8.0 || ^17.0.0 || ^18.0.0 || ^19.0.0", "react@^16.8.0 || ^17.0.0-rc.1 || ^18.0.0 || ^19.0.0-rc.1", "react@^16.8.3 || ^17 || ^18", "react@^16.8.5 || ^17.0.0 || ^18.0.0", "react@^16.8.6 || ^18", "react@^17.0.0 || ^18.0.0 || ^19.0.0", react@^18, react@^18.3.1, "react@^19.0.0 || ^18.0.0 || ^17.0.0 || ^16.2.0", "react@>= 16.8.0 || 17.x.x || ^18.0.0-0 || ^19.0.0-0", "react@>= 16.8.0 || 17.x.x || 18.x.x", react@>=0.14.0, react@>=15.0.0, react@>=16.13.1, react@>=16.14.0, react@>=16.6.0, react@>=16.8, react@>=16.8.0, "react@0.14 || 15 - 19":
    version "18.3.1"
    dependencies:
      loose-envify "^1.1.0"
  
  react@^16.14.0:
    version "16.14.0"
    resolved "https://registry.npmjs.org/react/-/react-16.14.0.tgz"
    integrity sha512-0X2CImDkJGApiAlcf0ODKIneSwBPhqJawOa5wCtKbu7ZECrmS26NvtSILynQ66cgkT/RJ4LidJOc3bUESwmU8g==
    dependencies:
      loose-envify "^1.1.0"
      object-assign "^4.1.1"
      prop-types "^15.6.2"
  
  react18-json-view@0.2.9:
    version "0.2.9"
    resolved "https://registry.npmjs.org/react18-json-view/-/react18-json-view-0.2.9.tgz"
    integrity sha512-z3JQgCwZRKbmWh54U94loCU6vE0ZoDBK7C8ZpcMYQB8jYMi+mR/fcgMI9jKgATeF0I6+OAF025PD+UKkXIqueQ==
    dependencies:
      copy-to-clipboard "^3.3.3"
  
  readable-stream@^2.0.0:
    version "2.3.8"
    dependencies:
      core-util-is "~1.0.0"
      inherits "~2.0.3"
      isarray "~1.0.0"
      process-nextick-args "~2.0.0"
      safe-buffer "~5.1.1"
      string_decoder "~1.1.1"
      util-deprecate "~1.0.1"
  
  readable-stream@^2.0.1:
    version "2.3.8"
    dependencies:
      core-util-is "~1.0.0"
      inherits "~2.0.3"
      isarray "~1.0.0"
      process-nextick-args "~2.0.0"
      safe-buffer "~5.1.1"
      string_decoder "~1.1.1"
      util-deprecate "~1.0.1"
  
  readable-stream@^2.0.2:
    version "2.3.8"
    resolved "https://registry.npmjs.org/readable-stream/-/readable-stream-2.3.8.tgz"
    integrity sha512-8p0AUk4XODgIewSi0l8Epjs+EVnWiK7NoDIEGU0HhE7+ZyY8D1IMY7odu5lRrFXGg71L15KG8QrPmum45RTtdA==
    dependencies:
      core-util-is "~1.0.0"
      inherits "~2.0.3"
      isarray "~1.0.0"
      process-nextick-args "~2.0.0"
      safe-buffer "~5.1.1"
      string_decoder "~1.1.1"
      util-deprecate "~1.0.1"
  
  readable-stream@^2.0.5:
    version "2.3.8"
    dependencies:
      core-util-is "~1.0.0"
      inherits "~2.0.3"
      isarray "~1.0.0"
      process-nextick-args "~2.0.0"
      safe-buffer "~5.1.1"
      string_decoder "~1.1.1"
      util-deprecate "~1.0.1"
  
  readable-stream@^2.1.5:
    version "2.3.8"
    dependencies:
      core-util-is "~1.0.0"
      inherits "~2.0.3"
      isarray "~1.0.0"
      process-nextick-args "~2.0.0"
      safe-buffer "~5.1.1"
      string_decoder "~1.1.1"
      util-deprecate "~1.0.1"
  
  readable-stream@^2.2.2:
    version "2.3.8"
    dependencies:
      core-util-is "~1.0.0"
      inherits "~2.0.3"
      isarray "~1.0.0"
      process-nextick-args "~2.0.0"
      safe-buffer "~5.1.1"
      string_decoder "~1.1.1"
      util-deprecate "~1.0.1"
  
  readable-stream@^2.3.3:
    version "2.3.8"
    dependencies:
      core-util-is "~1.0.0"
      inherits "~2.0.3"
      isarray "~1.0.0"
      process-nextick-args "~2.0.0"
      safe-buffer "~5.1.1"
      string_decoder "~1.1.1"
      util-deprecate "~1.0.1"
  
  readable-stream@^2.3.5:
    version "2.3.8"
    dependencies:
      core-util-is "~1.0.0"
      inherits "~2.0.3"
      isarray "~1.0.0"
      process-nextick-args "~2.0.0"
      safe-buffer "~5.1.1"
      string_decoder "~1.1.1"
      util-deprecate "~1.0.1"
  
  readable-stream@^2.3.6:
    version "2.3.8"
    dependencies:
      core-util-is "~1.0.0"
      inherits "~2.0.3"
      isarray "~1.0.0"
      process-nextick-args "~2.0.0"
      safe-buffer "~5.1.1"
      string_decoder "~1.1.1"
      util-deprecate "~1.0.1"
  
  readable-stream@^3.0.6, readable-stream@^3.1.1, readable-stream@^3.2.0, readable-stream@^3.4.0, readable-stream@^3.6.0, readable-stream@3:
    version "3.6.2"
    dependencies:
      inherits "^2.0.3"
      string_decoder "^1.1.1"
      util-deprecate "^1.0.1"
  
  readable-stream@~1.0.31:
    version "1.0.34"
    dependencies:
      core-util-is "~1.0.0"
      inherits "~2.0.1"
      isarray "0.0.1"
      string_decoder "~0.10.x"
  
  readable-stream@~2.3.6:
    version "2.3.8"
    resolved "https://registry.npmjs.org/readable-stream/-/readable-stream-2.3.8.tgz"
    integrity sha512-8p0AUk4XODgIewSi0l8Epjs+EVnWiK7NoDIEGU0HhE7+ZyY8D1IMY7odu5lRrFXGg71L15KG8QrPmum45RTtdA==
    dependencies:
      core-util-is "~1.0.0"
      inherits "~2.0.3"
      isarray "~1.0.0"
      process-nextick-args "~2.0.0"
      safe-buffer "~5.1.1"
      string_decoder "~1.1.1"
      util-deprecate "~1.0.1"
  
  readdir-glob@^1.1.2:
    version "1.1.3"
    resolved "https://registry.npmjs.org/readdir-glob/-/readdir-glob-1.1.3.tgz"
    integrity sha512-v05I2k7xN8zXvPD9N+z/uhXPaj0sUFCe2rcWZIpBsqxfP7xXFQ0tipAd/wjj1YxWyWtUS5IDJpOG82JKt2EAVA==
    dependencies:
      minimatch "^5.1.0"
  
  readdirp@~3.6.0:
    version "3.6.0"
    dependencies:
      picomatch "^2.2.1"
  
  recoil@^0.7.7:
    version "0.7.7"
    dependencies:
      hamt_plus "1.0.2"
  
  recursive-readdir@^2.2.2:
    version "2.2.3"
    dependencies:
      minimatch "^3.0.5"
  
  redux@^4.0.0, redux@^4.0.4:
    version "4.2.1"
    resolved "https://registry.npmjs.org/redux/-/redux-4.2.1.tgz"
    integrity sha512-LAUYz4lc+Do8/g7aeRa8JkyDErK6ekstQaqWQrNRW//MY1TvCEpMtpTWvlQ+FPbWCx+Xixu/6SHt5N0HR+SB4w==
    dependencies:
      "@babel/runtime" "^7.9.2"
  
  reflect.getprototypeof@^1.0.6, reflect.getprototypeof@^1.0.9:
    version "1.0.10"
    dependencies:
      call-bind "^1.0.8"
      define-properties "^1.2.1"
      es-abstract "^1.23.9"
      es-errors "^1.3.0"
      es-object-atoms "^1.0.0"
      get-intrinsic "^1.2.7"
      get-proto "^1.0.1"
      which-builtin-type "^1.2.1"
  
  regenerate-unicode-properties@^10.2.0:
    version "10.2.0"
    dependencies:
      regenerate "^1.4.2"
  
  regenerate@^1.4.2:
    version "1.4.2"
  
  regexp.prototype.flags@^1.5.3, regexp.prototype.flags@^1.5.4:
    version "1.5.4"
    dependencies:
      call-bind "^1.0.8"
      define-properties "^1.2.1"
      es-errors "^1.3.0"
      get-proto "^1.0.1"
      gopd "^1.2.0"
      set-function-name "^2.0.2"
  
  regexpu-core@^6.2.0:
    version "6.2.0"
    dependencies:
      regenerate "^1.4.2"
      regenerate-unicode-properties "^10.2.0"
      regjsgen "^0.8.0"
      regjsparser "^0.12.0"
      unicode-match-property-ecmascript "^2.0.0"
      unicode-match-property-value-ecmascript "^2.1.0"
  
  registry-auth-token@^4.0.0:
    version "4.2.2"
    dependencies:
      rc "1.2.8"
  
  registry-url@^5.0.0:
    version "5.1.0"
    dependencies:
      rc "^1.2.8"
  
  regjsgen@^0.8.0:
    version "0.8.0"
  
  regjsparser@^0.12.0:
    version "0.12.0"
    dependencies:
      jsesc "~3.0.2"
  
  relateurl@^0.2.7:
    version "0.2.7"
  
  remove-bom-buffer@^3.0.0:
    version "3.0.0"
    dependencies:
      is-buffer "^1.1.5"
      is-utf8 "^0.2.1"
  
  remove-bom-stream@^1.2.0:
    version "1.2.0"
    dependencies:
      remove-bom-buffer "^3.0.0"
      safe-buffer "^5.1.0"
      through2 "^2.0.3"
  
  remove-trailing-separator@^1.0.1:
    version "1.1.0"
  
  renderkid@^3.0.0:
    version "3.0.0"
    dependencies:
      css-select "^4.1.3"
      dom-converter "^0.2.0"
      htmlparser2 "^6.1.0"
      lodash "^4.17.21"
      strip-ansi "^6.0.1"
  
  replace-ext@^1.0.0:
    version "1.0.1"
  
  request@^2.88.0:
    version "2.88.2"
    dependencies:
      aws-sign2 "~0.7.0"
      aws4 "^1.8.0"
      caseless "~0.12.0"
      combined-stream "~1.0.6"
      extend "~3.0.2"
      forever-agent "~0.6.1"
      form-data "~2.3.2"
      har-validator "~5.1.3"
      http-signature "~1.2.0"
      is-typedarray "~1.0.0"
      isstream "~0.1.2"
      json-stringify-safe "~5.0.1"
      mime-types "~2.1.19"
      oauth-sign "~0.9.0"
      performance-now "^2.1.0"
      qs "~6.5.2"
      safe-buffer "^5.1.2"
      tough-cookie "~2.5.0"
      tunnel-agent "^0.6.0"
      uuid "^3.3.2"
  
  require-directory@^2.1.1:
    version "2.1.1"
  
  require-from-string@^2.0.2:
    version "2.0.2"
  
  require-main-filename@^2.0.0:
    version "2.0.0"
  
  requires-port@^1.0.0:
    version "1.0.0"
  
  resize-observer-polyfill@^1.5.1:
    version "1.5.1"
    resolved "https://registry.npmjs.org/resize-observer-polyfill/-/resize-observer-polyfill-1.5.1.tgz"
    integrity sha512-LwZrotdHOo12nQuZlHEmtuXdqGoOD0OhaxopaNFxWzInpEgaLWoVuAMbTzixuosCx2nEG58ngzW3vxdWoxIgdg==
  
  resolve-from@^4.0.0:
    version "4.0.0"
  
  resolve-from@^5.0.0:
    version "5.0.0"
  
  resolve-options@^1.1.0:
    version "1.1.0"
    dependencies:
      value-or-function "^3.0.0"
  
  resolve-pkg-maps@^1.0.0:
    version "1.0.0"
  
  resolve.exports@^1.1.0:
    version "1.1.1"
  
  resolve@^1.19.0, resolve@^1.20.0, resolve@^1.22.1, resolve@^1.22.10, resolve@^1.22.2, resolve@^1.22.4:
    version "1.22.10"
    dependencies:
      is-core-module "^2.16.0"
      path-parse "^1.0.7"
      supports-preserve-symlinks-flag "^1.0.0"
  
  resolve@^2.0.0-next.5:
    version "2.0.0-next.5"
    dependencies:
      is-core-module "^2.13.0"
      path-parse "^1.0.7"
      supports-preserve-symlinks-flag "^1.0.0"
  
  responselike@^1.0.2:
    version "1.0.2"
    dependencies:
      lowercase-keys "^1.0.0"
  
  restore-cursor@^3.1.0:
    version "3.1.0"
    dependencies:
      onetime "^5.1.0"
      signal-exit "^3.0.2"
  
  retry@^0.13.1:
    version "0.13.1"
  
  reusify@^1.0.4:
    version "1.1.0"
  
  rimraf@^3.0.0:
    version "3.0.2"
    dependencies:
      glob "^7.1.3"
  
  rimraf@^3.0.2:
    version "3.0.2"
    dependencies:
      glob "^7.1.3"
  
  rimraf@^6.0.1:
    version "6.0.1"
    dependencies:
      glob "^11.0.0"
      package-json-from-dist "^1.0.0"
  
  rimraf@~2.6.2:
    version "2.6.3"
    dependencies:
      glob "^7.1.3"
  
  rimraf@2:
    version "2.7.1"
    resolved "https://registry.npmjs.org/rimraf/-/rimraf-2.7.1.tgz"
    integrity sha512-uWjbaKIK3T1OSVptzX7Nl6PvQ3qAGtKEtVRjRuazjfL3Bx5eI409VZSqgND+4UNnmzLVdPj9FqFJNPqBZFve4w==
    dependencies:
      glob "^7.1.3"
  
  "rollup@^1.20.0 || ^2.0.0", rollup@^1.20.0||^2.0.0, rollup@^2.43.1:
    version "2.79.2"
    resolved "https://registry.npmjs.org/rollup/-/rollup-2.79.2.tgz"
    integrity sha512-fS6iqSPZDs3dr/y7Od6y5nha8dW1YnbgtsyotCVvoFGKbERG++CVRFv1meyGDE1SNItQA8BrnCw7ScdAhRJ3XQ==
    optionalDependencies:
      fsevents "~2.3.2"
  
  rollup@^1.20.0||^2.0.0||^3.0.0||^4.0.0, rollup@^2.0.0||^3.0.0||^4.0.0, rollup@^2.78.0||^3.0.0||^4.0.0, rollup@^4.20.0:
    version "4.44.2"
    dependencies:
      "@types/estree" "1.0.8"
    optionalDependencies:
      "@rollup/rollup-android-arm-eabi" "4.44.2"
      "@rollup/rollup-android-arm64" "4.44.2"
      "@rollup/rollup-darwin-arm64" "4.44.2"
      "@rollup/rollup-darwin-x64" "4.44.2"
      "@rollup/rollup-freebsd-arm64" "4.44.2"
      "@rollup/rollup-freebsd-x64" "4.44.2"
      "@rollup/rollup-linux-arm-gnueabihf" "4.44.2"
      "@rollup/rollup-linux-arm-musleabihf" "4.44.2"
      "@rollup/rollup-linux-arm64-gnu" "4.44.2"
      "@rollup/rollup-linux-arm64-musl" "4.44.2"
      "@rollup/rollup-linux-loongarch64-gnu" "4.44.2"
      "@rollup/rollup-linux-powerpc64le-gnu" "4.44.2"
      "@rollup/rollup-linux-riscv64-gnu" "4.44.2"
      "@rollup/rollup-linux-riscv64-musl" "4.44.2"
      "@rollup/rollup-linux-s390x-gnu" "4.44.2"
      "@rollup/rollup-linux-x64-gnu" "4.44.2"
      "@rollup/rollup-linux-x64-musl" "4.44.2"
      "@rollup/rollup-win32-arm64-msvc" "4.44.2"
      "@rollup/rollup-win32-ia32-msvc" "4.44.2"
      "@rollup/rollup-win32-x64-msvc" "4.44.2"
      fsevents "~2.3.2"
  
  run-async@^2.4.0:
    version "2.4.1"
  
  run-parallel@^1.1.9:
    version "1.2.0"
    dependencies:
      queue-microtask "^1.2.2"
  
  rxjs@^6.6.0:
    version "6.6.7"
    dependencies:
      tslib "^1.9.0"
  
  safe-array-concat@^1.1.3:
    version "1.1.3"
    dependencies:
      call-bind "^1.0.8"
      call-bound "^1.0.2"
      get-intrinsic "^1.2.6"
      has-symbols "^1.1.0"
      isarray "^2.0.5"
  
  safe-buffer@^5.0.1, safe-buffer@^5.1.0, safe-buffer@^5.1.2, safe-buffer@^5.2.1, safe-buffer@>=5.1.0, safe-buffer@~5.2.0, safe-buffer@5.2.1:
    version "5.2.1"
  
  safe-buffer@~5.1.0, safe-buffer@~5.1.1:
    version "5.1.2"
    resolved "https://registry.npmjs.org/safe-buffer/-/safe-buffer-5.1.2.tgz"
    integrity sha512-Gd2UZBJDkXlY7GbJxfsE8/nvKkUEU1G38c1siN6QP6a9PT9MmHB8GnpscSmMJSoF8LOIrt8ud/wPtojys4G6+g==
  
  safe-push-apply@^1.0.0:
    version "1.0.0"
    dependencies:
      es-errors "^1.3.0"
      isarray "^2.0.5"
  
  safe-regex-test@^1.1.0:
    version "1.1.0"
    dependencies:
      call-bound "^1.0.2"
      es-errors "^1.3.0"
      is-regex "^1.2.1"
  
  safer-buffer@^2.0.2, safer-buffer@^2.1.0, "safer-buffer@>= 2.1.2 < 3", "safer-buffer@>= 2.1.2 < 3.0.0", safer-buffer@~2.1.0:
    version "2.1.2"
  
  saxes@^5.0.1:
    version "5.0.1"
    dependencies:
      xmlchars "^2.2.0"
  
  scheduler@^0.19.1:
    version "0.19.1"
    resolved "https://registry.npmjs.org/scheduler/-/scheduler-0.19.1.tgz"
    integrity sha512-n/zwRWRYSUj0/3g/otKDRPMh6qv2SYMWNq85IEa8iZyAv8od9zDYpGSnpBEjNgcMNq6Scbu5KfIPxNF72R/2EA==
    dependencies:
      loose-envify "^1.1.0"
      object-assign "^4.1.1"
  
  scheduler@^0.23.2:
    version "0.23.2"
    dependencies:
      loose-envify "^1.1.0"
  
  schema-utils@^2.6.5:
    version "2.7.1"
    dependencies:
      "@types/json-schema" "^7.0.5"
      ajv "^6.12.4"
      ajv-keywords "^3.5.2"
  
  schema-utils@^3.0.0:
    version "3.3.0"
    dependencies:
      "@types/json-schema" "^7.0.8"
      ajv "^6.12.5"
      ajv-keywords "^3.5.2"
  
  schema-utils@^4.0.0, schema-utils@^4.2.0, schema-utils@^4.3.0, schema-utils@^4.3.2:
    version "4.3.2"
    dependencies:
      "@types/json-schema" "^7.0.9"
      ajv "^8.9.0"
      ajv-formats "^2.1.1"
      ajv-keywords "^5.1.0"
  
  schema-utils@2.7.0:
    version "2.7.0"
    dependencies:
      "@types/json-schema" "^7.0.4"
      ajv "^6.12.2"
      ajv-keywords "^3.4.1"
  
  select-hose@^2.0.0:
    version "2.0.0"
  
  selfsigned@^2.1.1:
    version "2.4.1"
    dependencies:
      "@types/node-forge" "^1.3.0"
      node-forge "^1"
  
  semver-diff@^2.0.0:
    version "2.1.0"
    dependencies:
      semver "^5.0.3"
  
  semver@^5.0.3:
    version "5.7.2"
  
  semver@^6.0.0, semver@^6.2.0, semver@^6.3.0, semver@^6.3.1:
    version "6.3.1"
  
  semver@^7.0.0:
    version "7.7.2"
  
  semver@^7.3.2:
    version "7.7.2"
  
  semver@^7.3.7:
    version "7.7.2"
    resolved "https://registry.npmjs.org/semver/-/semver-7.7.2.tgz"
    integrity sha512-RF0Fw+rO5AMf9MAyaRXI4AV0Ulj5lMHqVxxdSgiVbixSCXoEmmX/jk0CuJw4+3SqroYO9VoUh+HcuJivvtJemA==
  
  semver@^7.5.3:
    version "7.7.2"
  
  semver@^7.5.4:
    version "7.7.2"
  
  send@0.19.0:
    version "0.19.0"
    dependencies:
      debug "2.6.9"
      depd "2.0.0"
      destroy "1.2.0"
      encodeurl "~1.0.2"
      escape-html "~1.0.3"
      etag "~1.8.1"
      fresh "0.5.2"
      http-errors "2.0.0"
      mime "1.6.0"
      ms "2.1.3"
      on-finished "2.4.1"
      range-parser "~1.2.1"
      statuses "2.0.1"
  
  serialize-javascript@^6.0.0, serialize-javascript@^6.0.1, serialize-javascript@^6.0.2:
    version "6.0.2"
    dependencies:
      randombytes "^2.1.0"
  
  serve-index@^1.9.1:
    version "1.9.1"
    dependencies:
      accepts "~1.3.4"
      batch "0.6.1"
      debug "2.6.9"
      escape-html "~1.0.3"
      http-errors "~1.6.2"
      mime-types "~2.1.17"
      parseurl "~1.3.2"
  
  serve-static@1.16.2:
    version "1.16.2"
    dependencies:
      encodeurl "~2.0.0"
      escape-html "~1.0.3"
      parseurl "~1.3.3"
      send "0.19.0"
  
  set-blocking@^2.0.0:
    version "2.0.0"
  
  set-function-length@^1.2.2:
    version "1.2.2"
    dependencies:
      define-data-property "^1.1.4"
      es-errors "^1.3.0"
      function-bind "^1.1.2"
      get-intrinsic "^1.2.4"
      gopd "^1.0.1"
      has-property-descriptors "^1.0.2"
  
  set-function-name@^2.0.2:
    version "2.0.2"
    dependencies:
      define-data-property "^1.1.4"
      es-errors "^1.3.0"
      functions-have-names "^1.2.3"
      has-property-descriptors "^1.0.2"
  
  set-proto@^1.0.0:
    version "1.0.0"
    dependencies:
      dunder-proto "^1.0.1"
      es-errors "^1.3.0"
      es-object-atoms "^1.0.0"
  
  setimmediate@^1.0.5, setimmediate@~1.0.4:
    version "1.0.5"
    resolved "https://registry.npmjs.org/setimmediate/-/setimmediate-1.0.5.tgz"
    integrity sha512-MATJdZp8sLqDl/68LfQmbP8zKPLQNV6BIZoIgrscFDQ+RsvK/BxeDQOgyxKKoh0y/8h3BqVFnCqQ/gd+reiIXA==
  
  setprototypeof@1.1.0:
    version "1.1.0"
  
  setprototypeof@1.2.0:
    version "1.2.0"
  
  shallow-clone@^3.0.0:
    version "3.0.1"
    dependencies:
      kind-of "^6.0.2"
  
  shallow-equal@^1.2.1:
    version "1.2.1"
    resolved "https://registry.npmjs.org/shallow-equal/-/shallow-equal-1.2.1.tgz"
    integrity sha512-S4vJDjHHMBaiZuT9NPb616CSmLf618jawtv3sufLl6ivK8WocjAo58cXwbRV1cgqxH0Qbv+iUt6m05eqEa2IRA==
  
  shebang-command@^1.2.0:
    version "1.2.0"
    dependencies:
      shebang-regex "^1.0.0"
  
  shebang-command@^2.0.0:
    version "2.0.0"
    dependencies:
      shebang-regex "^3.0.0"
  
  shebang-regex@^1.0.0:
    version "1.0.0"
  
  shebang-regex@^3.0.0:
    version "3.0.0"
  
  shell-quote@^1.7.3, shell-quote@^1.8.1:
    version "1.8.3"
  
  side-channel-list@^1.0.0:
    version "1.0.0"
    dependencies:
      es-errors "^1.3.0"
      object-inspect "^1.13.3"
  
  side-channel-map@^1.0.1:
    version "1.0.1"
    dependencies:
      call-bound "^1.0.2"
      es-errors "^1.3.0"
      get-intrinsic "^1.2.5"
      object-inspect "^1.13.3"
  
  side-channel-weakmap@^1.0.2:
    version "1.0.2"
    dependencies:
      call-bound "^1.0.2"
      es-errors "^1.3.0"
      get-intrinsic "^1.2.5"
      object-inspect "^1.13.3"
      side-channel-map "^1.0.1"
  
  side-channel@^1.0.6, side-channel@^1.1.0:
    version "1.1.0"
    dependencies:
      es-errors "^1.3.0"
      object-inspect "^1.13.3"
      side-channel-list "^1.0.0"
      side-channel-map "^1.0.1"
      side-channel-weakmap "^1.0.2"
  
  signal-exit@^3.0.0, signal-exit@^3.0.2, signal-exit@^3.0.3:
    version "3.0.7"
  
  signal-exit@^4.0.1:
    version "4.1.0"
  
  sisteransi@^1.0.5:
    version "1.0.5"
  
  slash@^3.0.0:
    version "3.0.0"
  
  smob@^1.0.0:
    version "1.5.0"
  
  sockjs@^0.3.24:
    version "0.3.24"
    dependencies:
      faye-websocket "^0.11.3"
      uuid "^8.3.2"
      websocket-driver "^0.7.4"
  
  sortobject@^4.0.0:
    version "4.17.0"
  
  source-map-explorer@^2.1.0:
    version "2.5.3"
    dependencies:
      btoa "^1.2.1"
      chalk "^4.1.0"
      convert-source-map "^1.7.0"
      ejs "^3.1.5"
      escape-html "^1.0.3"
      glob "^7.1.6"
      gzip-size "^6.0.0"
      lodash "^4.17.20"
      open "^7.3.1"
      source-map "^0.7.4"
      temp "^0.9.4"
      yargs "^16.2.0"
  
  source-map-js@^1.2.1:
    version "1.2.1"
  
  source-map-support@^0.5.6, source-map-support@~0.5.20:
    version "0.5.21"
    dependencies:
      buffer-from "^1.0.0"
      source-map "^0.6.0"
  
  source-map@^0.5.7:
    version "0.5.7"
    resolved "https://registry.npmjs.org/source-map/-/source-map-0.5.7.tgz"
    integrity sha512-LbrmJOMUSdEVxIKvdcJzQC+nQhe8FUZQTXQy6+I75skNgn3OoQ0DZA8YnFa7gp8tqtL3KPf1kmo0R5DoApeSGQ==
  
  source-map@^0.6.0:
    version "0.6.1"
  
  source-map@^0.6.1:
    version "0.6.1"
  
  source-map@^0.7.3:
    version "0.7.4"
  
  source-map@^0.7.4:
    version "0.7.4"
  
  source-map@^0.8.0-beta.0:
    version "0.8.0-beta.0"
    dependencies:
      whatwg-url "^7.0.0"
  
  source-map@~0.6.0:
    version "0.6.1"
  
  source-map@~0.6.1:
    version "0.6.1"
  
  source-map@0.7.3:
    version "0.7.3"
  
  sourcemap-codec@^1.4.8:
    version "1.4.8"
  
  spdy-transport@^3.0.0:
    version "3.0.0"
    dependencies:
      debug "^4.1.0"
      detect-node "^2.0.4"
      hpack.js "^2.1.6"
      obuf "^1.1.2"
      readable-stream "^3.0.6"
      wbuf "^1.7.3"
  
  spdy@^4.0.2:
    version "4.0.2"
    dependencies:
      debug "^4.1.0"
      handle-thing "^2.0.0"
      http-deceiver "^1.2.7"
      select-hose "^2.0.0"
      spdy-transport "^3.0.0"
  
  sprintf-js@~1.0.2:
    version "1.0.3"
  
  ssf@~0.11.2:
    version "0.11.2"
    resolved "https://registry.npmjs.org/ssf/-/ssf-0.11.2.tgz"
    integrity sha512-+idbmIXoYET47hH+d7dfm2epdOMUDjqcB4648sTZ+t2JwoyBFL/insLfB/racrDmsKB3diwsDA696pZMieAC5g==
    dependencies:
      frac "~1.1.2"
  
  sshpk@^1.7.0:
    version "1.18.0"
    dependencies:
      asn1 "~0.2.3"
      assert-plus "^1.0.0"
      bcrypt-pbkdf "^1.0.0"
      dashdash "^1.12.0"
      ecc-jsbn "~0.1.1"
      getpass "^0.1.1"
      jsbn "~0.1.0"
      safer-buffer "^2.0.2"
      tweetnacl "~0.14.0"
  
  stable@^0.1.8:
    version "0.1.8"
  
  stack-utils@^2.0.3:
    version "2.0.6"
    dependencies:
      escape-string-regexp "^2.0.0"
  
  stackframe@^1.3.4:
    version "1.3.4"
  
  "statuses@>= 1.4.0 < 2":
    version "1.5.0"
  
  statuses@2.0.1:
    version "2.0.1"
  
  stop-iteration-iterator@^1.1.0:
    version "1.1.0"
    dependencies:
      es-errors "^1.3.0"
      internal-slot "^1.1.0"
  
  stream-shift@^1.0.0:
    version "1.0.3"
  
  string_decoder@^1.1.1:
    version "1.3.0"
    dependencies:
      safe-buffer "~5.2.0"
  
  string_decoder@~0.10.x:
    version "0.10.31"
  
  string_decoder@~1.1.1:
    version "1.1.1"
    resolved "https://registry.npmjs.org/string_decoder/-/string_decoder-1.1.1.tgz"
    integrity sha512-n/ShnvDi6FHbbVfviro+WojiFzv+s8MPMHBczVePfUpDJLwoLT0ht1l4YwBCbi8pJAveEEdnkHyPyTP/mzRfwg==
    dependencies:
      safe-buffer "~5.1.0"
  
  string-hash@1.1.3:
    version "1.1.3"
  
  string-length@^4.0.1:
    version "4.0.2"
    dependencies:
      char-regex "^1.0.2"
      strip-ansi "^6.0.0"
  
  "string-width-cjs@npm:string-width@^4.2.0":
    version "4.2.3"
    dependencies:
      emoji-regex "^8.0.0"
      is-fullwidth-code-point "^3.0.0"
      strip-ansi "^6.0.1"
  
  string-width@^2.1.1:
    version "2.1.1"
    dependencies:
      is-fullwidth-code-point "^2.0.0"
      strip-ansi "^4.0.0"
  
  string-width@^3.0.0, string-width@^3.1.0:
    version "3.1.0"
    dependencies:
      emoji-regex "^7.0.1"
      is-fullwidth-code-point "^2.0.0"
      strip-ansi "^5.1.0"
  
  string-width@^4.1.0, string-width@^4.2.0:
    version "4.2.3"
    dependencies:
      emoji-regex "^8.0.0"
      is-fullwidth-code-point "^3.0.0"
      strip-ansi "^6.0.1"
  
  string-width@^5.0.1, string-width@^5.1.2:
    version "5.1.2"
    dependencies:
      eastasianwidth "^0.2.0"
      emoji-regex "^9.2.2"
      strip-ansi "^7.0.1"
  
  string-width@^7.0.0:
    version "7.2.0"
    resolved "https://registry.npmjs.org/string-width/-/string-width-7.2.0.tgz"
    integrity sha512-tsaTIkKW9b4N+AEj+SVA+WhJzV7/zMhcSu78mLKWSk7cXMOSHsBKFWUs0fWwq8QyK3MgJBQRX6Gbi4kYbdvGkQ==
    dependencies:
      emoji-regex "^10.3.0"
      get-east-asian-width "^1.0.0"
      strip-ansi "^7.1.0"
  
  string.prototype.matchall@^4.0.12, string.prototype.matchall@^4.0.6:
    version "4.0.12"
    dependencies:
      call-bind "^1.0.8"
      call-bound "^1.0.3"
      define-properties "^1.2.1"
      es-abstract "^1.23.6"
      es-errors "^1.3.0"
      es-object-atoms "^1.0.0"
      get-intrinsic "^1.2.6"
      gopd "^1.2.0"
      has-symbols "^1.1.0"
      internal-slot "^1.1.0"
      regexp.prototype.flags "^1.5.3"
      set-function-name "^2.0.2"
      side-channel "^1.1.0"
  
  string.prototype.repeat@^1.0.0:
    version "1.0.0"
    dependencies:
      define-properties "^1.1.3"
      es-abstract "^1.17.5"
  
  string.prototype.trim@^1.2.10:
    version "1.2.10"
    dependencies:
      call-bind "^1.0.8"
      call-bound "^1.0.2"
      define-data-property "^1.1.4"
      define-properties "^1.2.1"
      es-abstract "^1.23.5"
      es-object-atoms "^1.0.0"
      has-property-descriptors "^1.0.2"
  
  string.prototype.trimend@^1.0.9:
    version "1.0.9"
    dependencies:
      call-bind "^1.0.8"
      call-bound "^1.0.2"
      define-properties "^1.2.1"
      es-object-atoms "^1.0.0"
  
  string.prototype.trimstart@^1.0.8:
    version "1.0.8"
    dependencies:
      call-bind "^1.0.7"
      define-properties "^1.2.1"
      es-object-atoms "^1.0.0"
  
  stringify-object@^3.3.0:
    version "3.3.0"
    dependencies:
      get-own-enumerable-property-symbols "^3.0.0"
      is-obj "^1.0.1"
      is-regexp "^1.0.0"
  
  "strip-ansi-cjs@npm:strip-ansi@^6.0.1":
    version "6.0.1"
    dependencies:
      ansi-regex "^5.0.1"
  
  strip-ansi@^4.0.0:
    version "4.0.0"
    dependencies:
      ansi-regex "^3.0.0"
  
  strip-ansi@^5.0.0, strip-ansi@^5.1.0, strip-ansi@^5.2.0:
    version "5.2.0"
    dependencies:
      ansi-regex "^4.1.0"
  
  strip-ansi@^6.0.0, strip-ansi@^6.0.1:
    version "6.0.1"
    dependencies:
      ansi-regex "^5.0.1"
  
  strip-ansi@^7.0.1:
    version "7.1.0"
    dependencies:
      ansi-regex "^6.0.1"
  
  strip-ansi@^7.1.0:
    version "7.1.0"
    resolved "https://registry.npmjs.org/strip-ansi/-/strip-ansi-7.1.0.tgz"
    integrity sha512-iq6eVVI64nQQTRYq2KtEg2d2uU7LElhTJwsH4YzIHZshxlgZms/wIc4VoDQTlG/IvVIrBKG06CrZnp0qv7hkcQ==
    dependencies:
      ansi-regex "^6.0.1"
  
  strip-bom@^3.0.0:
    version "3.0.0"
  
  strip-bom@^4.0.0:
    version "4.0.0"
  
  strip-comments@^2.0.1:
    version "2.0.1"
  
  strip-eof@^1.0.0:
    version "1.0.0"
  
  strip-final-newline@^2.0.0:
    version "2.0.0"
  
  strip-json-comments@^3.1.1:
    version "3.1.1"
  
  strip-json-comments@~2.0.1:
    version "2.0.1"
  
  style-loader@^3.3.1:
    version "3.3.4"
  
  styled-jsx@^4, styled-jsx@^4.0.1:
    version "4.0.1"
    dependencies:
      "@babel/plugin-syntax-jsx" "7.14.5"
      "@babel/types" "7.15.0"
      convert-source-map "1.7.0"
      loader-utils "1.2.3"
      source-map "0.7.3"
      string-hash "1.1.3"
      stylis "3.5.4"
      stylis-rule-sheet "0.0.10"
  
  styled-jsx@^5.1.7:
    version "5.1.7"
    resolved "https://registry.npmjs.org/styled-jsx/-/styled-jsx-5.1.7.tgz"
    integrity sha512-HPLmEIYprxCeWDMLYiaaAhsV3yGfIlCqzuVOybE6fjF3SUJmH67nCoMDO+nAvHNHo46OfvpCNu4Rcue82dMNFg==
    dependencies:
      client-only "0.0.1"
  
  stylehacks@^5.1.1:
    version "5.1.1"
    dependencies:
      browserslist "^4.21.4"
      postcss-selector-parser "^6.0.4"
  
  stylis-rule-sheet@0.0.10:
    version "0.0.10"
  
  stylis@^3.5.0, stylis@3.5.4:
    version "3.5.4"
    resolved "https://registry.npmjs.org/stylis/-/stylis-3.5.4.tgz"
    integrity sha512-8/3pSmthWM7lsPBKv7NXkzn2Uc9W7NotcwGNpJaa3k7WMM1XDCA4MgT5k/8BIexd5ydZdboXtU90XH9Ec4Bv/Q==
  
  stylis@4.2.0:
    version "4.2.0"
    resolved "https://registry.npmjs.org/stylis/-/stylis-4.2.0.tgz"
    integrity sha512-Orov6g6BB1sDfYgzWfTHDOxamtX1bE/zo104Dh9e6fqJ3PooipYyfJ0pUmrZO2wAvO8YbEyeFrkV91XTsGMSrw==
  
  supports-color@^5.3.0:
    version "5.5.0"
    dependencies:
      has-flag "^3.0.0"
  
  supports-color@^7.0.0, supports-color@^7.1.0:
    version "7.2.0"
    dependencies:
      has-flag "^4.0.0"
  
  supports-color@^8.0.0:
    version "8.1.1"
    dependencies:
      has-flag "^4.0.0"
  
  supports-hyperlinks@^2.0.0:
    version "2.3.0"
    dependencies:
      has-flag "^4.0.0"
      supports-color "^7.0.0"
  
  supports-preserve-symlinks-flag@^1.0.0:
    version "1.0.0"
  
  svgo@^2.7.0:
    version "2.8.0"
    dependencies:
      "@trysound/sax" "0.2.0"
      commander "^7.2.0"
      css-select "^4.1.3"
      css-tree "^1.1.3"
      csso "^4.2.0"
      picocolors "^1.0.0"
      stable "^0.1.8"
  
  symbol-tree@^3.2.4:
    version "3.2.4"
  
  tapable@^1.0.0:
    version "1.1.3"
  
  tapable@^2.0.0, tapable@^2.1.1, tapable@^2.2.0, tapable@^2.2.1:
    version "2.2.2"
  
  tar-stream@^2.1.0, tar-stream@^2.2.0:
    version "2.2.0"
    dependencies:
      bl "^4.0.3"
      end-of-stream "^1.4.1"
      fs-constants "^1.0.0"
      inherits "^2.0.3"
      readable-stream "^3.1.1"
  
  tar@^4.4.8:
    version "4.4.19"
    dependencies:
      chownr "^1.1.4"
      fs-minipass "^1.2.7"
      minipass "^2.9.0"
      minizlib "^1.3.3"
      mkdirp "^0.5.5"
      safe-buffer "^5.2.1"
      yallist "^3.1.1"
  
  temp-dir@^2.0.0:
    version "2.0.0"
  
  temp@^0.9.4:
    version "0.9.4"
    dependencies:
      mkdirp "^0.5.1"
      rimraf "~2.6.2"
  
  tempy@^0.6.0:
    version "0.6.0"
    dependencies:
      is-stream "^2.0.0"
      temp-dir "^2.0.0"
      type-fest "^0.16.0"
      unique-string "^2.0.0"
  
  term-size@^1.2.0:
    version "1.2.0"
    dependencies:
      execa "^0.7.0"
  
  terminal-link@^2.0.0:
    version "2.1.1"
    dependencies:
      ansi-escapes "^4.2.1"
      supports-hyperlinks "^2.0.0"
  
  terser-webpack-plugin@^5.3.1, terser-webpack-plugin@^5.3.11:
    version "5.3.14"
    dependencies:
      "@jridgewell/trace-mapping" "^0.3.25"
      jest-worker "^27.4.5"
      schema-utils "^4.3.0"
      serialize-javascript "^6.0.2"
      terser "^5.31.1"
  
  terser@^5.10.0, terser@^5.17.4, terser@^5.31.1, terser@^5.4.0:
    version "5.43.1"
    dependencies:
      "@jridgewell/source-map" "^0.3.3"
      acorn "^8.14.0"
      commander "^2.20.0"
      source-map-support "~0.5.20"
  
  test-exclude@^6.0.0:
    version "6.0.0"
    dependencies:
      "@istanbuljs/schema" "^0.1.2"
      glob "^7.1.4"
      minimatch "^3.0.4"
  
  text-table@^0.2.0:
    version "0.2.0"
  
  throat@^6.0.1:
    version "6.0.2"
  
  through@^2.3.6:
    version "2.3.8"
  
  through2-filter@^3.0.0:
    version "3.0.0"
    dependencies:
      through2 "~2.0.0"
      xtend "~4.0.0"
  
  through2@^2.0.0, through2@^2.0.1, through2@^2.0.3, through2@~2.0.0:
    version "2.0.5"
    dependencies:
      readable-stream "~2.3.6"
      xtend "~4.0.1"
  
  through2@^4.0.0:
    version "4.0.2"
    dependencies:
      readable-stream "3"
  
  thunky@^1.0.2:
    version "1.1.0"
  
  tiny-invariant@^1.0.6:
    version "1.3.3"
    resolved "https://registry.npmjs.org/tiny-invariant/-/tiny-invariant-1.3.3.tgz"
    integrity sha512-+FbBPE1o9QAYvviau/qC5SE3caw21q3xkvWKBtja5vgqOWIHHJ3ioaq1VPfn/Szqctz2bU/oYeKd9/z5BL+PVg==
  
  tiny-warning@^1.0.2:
    version "1.0.3"
    resolved "https://registry.npmjs.org/tiny-warning/-/tiny-warning-1.0.3.tgz"
    integrity sha512-lBN9zLN/oAf68o3zNXYrdCt1kP8WsiGW8Oo2ka41b2IM5JL/S1CTyX1rW0mb/zSuJun0ZUrDxx4sqvYS2FWzPA==
  
  tmp@^0.0.33:
    version "0.0.33"
    dependencies:
      os-tmpdir "~1.0.2"
  
  tmp@^0.2.0:
    version "0.2.3"
    resolved "https://registry.npmjs.org/tmp/-/tmp-0.2.3.tgz"
    integrity sha512-nZD7m9iCPC5g0pYmcaxogYKggSfLsdxl8of3Q/oIbqCqLLIO9IAF0GWjX1z9NZRHPiXv8Wex4yDCaZsgEw0Y8w==
  
  tmpl@1.0.5:
    version "1.0.5"
  
  to-absolute-glob@^2.0.0:
    version "2.0.2"
    dependencies:
      is-absolute "^1.0.0"
      is-negated-glob "^1.0.0"
  
  to-fast-properties@^2.0.0:
    version "2.0.0"
  
  to-readable-stream@^1.0.0:
    version "1.0.0"
  
  to-regex-range@^5.0.1:
    version "5.0.1"
    dependencies:
      is-number "^7.0.0"
  
  to-through@^2.0.0:
    version "2.0.0"
    dependencies:
      through2 "^2.0.3"
  
  toggle-selection@^1.0.6:
    version "1.0.6"
    resolved "https://registry.npmjs.org/toggle-selection/-/toggle-selection-1.0.6.tgz"
    integrity sha512-BiZS+C1OS8g/q2RRbJmy59xpyghNBqrr6k5L/uKBGRsTfxmu3ffiRnd8mlGPUVayg8pvfi5urfnu8TU7DVOkLQ==
  
  toidentifier@1.0.1:
    version "1.0.1"
  
  tough-cookie@^4.0.0:
    version "4.1.4"
    dependencies:
      psl "^1.1.33"
      punycode "^2.1.1"
      universalify "^0.2.0"
      url-parse "^1.5.3"
  
  tough-cookie@~2.5.0:
    version "2.5.0"
    dependencies:
      psl "^1.1.28"
      punycode "^2.1.1"
  
  tr46@^1.0.1:
    version "1.0.1"
    dependencies:
      punycode "^2.1.0"
  
  tr46@^2.1.0:
    version "2.1.0"
    dependencies:
      punycode "^2.1.1"
  
  "traverse@>=0.3.0 <0.4":
    version "0.3.9"
    resolved "https://registry.npmjs.org/traverse/-/traverse-0.3.9.tgz"
    integrity sha512-iawgk0hLP3SxGKDfnDJf8wTz4p2qImnyihM5Hh/sGvQ3K37dPi/w8sRhdNIxYA1TwFwc5mDhIJq+O0RsvXBKdQ==
  
  tsconfig-paths@^3.15.0:
    version "3.15.0"
    dependencies:
      "@types/json5" "^0.0.29"
      json5 "^1.0.2"
      minimist "^1.2.6"
      strip-bom "^3.0.0"
  
  tslib@^1.8.1:
    version "1.14.1"
  
  tslib@^1.9.0:
    version "1.14.1"
  
  tslib@^2.0.3, tslib@^2.3.1, tslib@^2.8.0:
    version "2.8.1"
  
  tsutils@^3.21.0:
    version "3.21.0"
    dependencies:
      tslib "^1.8.1"
  
  tunnel-agent@^0.6.0:
    version "0.6.0"
    dependencies:
      safe-buffer "^5.0.1"
  
  tweetnacl@^0.14.3, tweetnacl@~0.14.0:
    version "0.14.5"
  
  type-check@^0.4.0, type-check@~0.4.0:
    version "0.4.0"
    dependencies:
      prelude-ls "^1.2.1"
  
  type-detect@4.0.8:
    version "4.0.8"
  
  type-fest@^0.16.0:
    version "0.16.0"
  
  type-fest@^0.20.2:
    version "0.20.2"
  
  type-fest@^0.21.3, "type-fest@>=0.17.0 <5.0.0":
    version "0.21.3"
  
  type-fest@^0.3.0:
    version "0.3.1"
  
  type-is@~1.6.18:
    version "1.6.18"
    dependencies:
      media-typer "0.3.0"
      mime-types "~2.1.24"
  
  typed-array-buffer@^1.0.3:
    version "1.0.3"
    dependencies:
      call-bound "^1.0.3"
      es-errors "^1.3.0"
      is-typed-array "^1.1.14"
  
  typed-array-byte-length@^1.0.3:
    version "1.0.3"
    dependencies:
      call-bind "^1.0.8"
      for-each "^0.3.3"
      gopd "^1.2.0"
      has-proto "^1.2.0"
      is-typed-array "^1.1.14"
  
  typed-array-byte-offset@^1.0.4:
    version "1.0.4"
    dependencies:
      available-typed-arrays "^1.0.7"
      call-bind "^1.0.8"
      for-each "^0.3.3"
      gopd "^1.2.0"
      has-proto "^1.2.0"
      is-typed-array "^1.1.15"
      reflect.getprototypeof "^1.0.9"
  
  typed-array-length@^1.0.7:
    version "1.0.7"
    dependencies:
      call-bind "^1.0.7"
      for-each "^0.3.3"
      gopd "^1.0.1"
      is-typed-array "^1.1.13"
      possible-typed-array-names "^1.0.0"
      reflect.getprototypeof "^1.0.6"
  
  typedarray-to-buffer@^3.1.5:
    version "3.1.5"
    dependencies:
      is-typedarray "^1.0.0"
  
  typedarray@^0.0.6:
    version "0.0.6"
  
  typeface-roboto@^0.0.75:
    version "0.0.75"
  
  typescript@*, typescript@^5.6.3, typescript@^5.7.2, "typescript@>= 2.7", "typescript@>=2.8.0 || >= 3.2.0-dev || >= 3.3.0-dev || >= 3.4.0-dev || >= 3.5.0-dev || >= 3.6.0-dev || >= 3.6.0-beta || >= 3.7.0-dev || >= 3.7.0-beta", typescript@>=4.9.5:
    version "5.8.3"
  
  uglify-js@^3.1.4:
    version "3.19.3"
  
  unbox-primitive@^1.1.0:
    version "1.1.0"
    dependencies:
      call-bound "^1.0.3"
      has-bigints "^1.0.2"
      has-symbols "^1.1.0"
      which-boxed-primitive "^1.1.1"
  
  unc-path-regex@^0.1.2:
    version "0.1.2"
  
  uncontrollable@^7.2.1:
    version "7.2.1"
    dependencies:
      "@babel/runtime" "^7.6.3"
      "@types/react" ">=16.9.11"
      invariant "^2.2.4"
      react-lifecycles-compat "^3.0.4"
  
  uncontrollable@^8.0.4:
    version "8.0.4"
  
  undici-types@~7.8.0:
    version "7.8.0"
  
  unicode-canonical-property-names-ecmascript@^2.0.0:
    version "2.0.1"
  
  unicode-match-property-ecmascript@^2.0.0:
    version "2.0.0"
    dependencies:
      unicode-canonical-property-names-ecmascript "^2.0.0"
      unicode-property-aliases-ecmascript "^2.0.0"
  
  unicode-match-property-value-ecmascript@^2.1.0:
    version "2.2.0"
  
  unicode-property-aliases-ecmascript@^2.0.0:
    version "2.1.0"
  
  unique-stream@^2.0.2:
    version "2.3.1"
    dependencies:
      json-stable-stringify-without-jsonify "^1.0.1"
      through2-filter "^3.0.0"
  
  unique-string@^1.0.0:
    version "1.0.0"
    dependencies:
      crypto-random-string "^1.0.0"
  
  unique-string@^2.0.0:
    version "2.0.0"
    dependencies:
      crypto-random-string "^2.0.0"
  
  universal-serialize@^1.0.4:
    version "1.0.10"
  
  universalify@^0.1.0:
    version "0.1.2"
  
  universalify@^0.2.0:
    version "0.2.0"
  
  universalify@^2.0.0:
    version "2.0.1"
  
  unpipe@~1.0.0, unpipe@1.0.0:
    version "1.0.0"
  
  untildify@^4.0.0:
    version "4.0.0"
  
  unzipper@^0.10.11:
    version "0.10.14"
    resolved "https://registry.npmjs.org/unzipper/-/unzipper-0.10.14.tgz"
    integrity sha512-ti4wZj+0bQTiX2KmKWuwj7lhV+2n//uXEotUmGuQqrbVZSEGFMbI68+c6JCQ8aAmUWYvtHEz2A8K6wXvueR/6g==
    dependencies:
      big-integer "^1.6.17"
      binary "~0.3.0"
      bluebird "~3.4.1"
      buffer-indexof-polyfill "~1.0.0"
      duplexer2 "~0.1.4"
      fstream "^1.0.12"
      graceful-fs "^4.2.2"
      listenercount "~1.0.1"
      readable-stream "~2.3.6"
      setimmediate "~1.0.4"
  
  upath@^1.2.0:
    version "1.2.0"
  
  update-browserslist-db@^1.1.3:
    version "1.1.3"
    dependencies:
      escalade "^3.2.0"
      picocolors "^1.1.1"
  
  update-notifier@^3.0.0:
    version "3.0.1"
    dependencies:
      boxen "^3.0.0"
      chalk "^2.0.1"
      configstore "^4.0.0"
      has-yarn "^2.1.0"
      import-lazy "^2.1.0"
      is-ci "^2.0.0"
      is-installed-globally "^0.1.0"
      is-npm "^3.0.0"
      is-yarn-global "^0.3.0"
      latest-version "^5.0.0"
      semver-diff "^2.0.0"
      xdg-basedir "^3.0.0"
  
  uri-js@^4.2.2:
    version "4.4.1"
    resolved "https://registry.npmjs.org/uri-js/-/uri-js-4.4.1.tgz"
    integrity sha512-7rKUyy33Q1yc98pQ1DAmLtwX109F7TIfWlW1Ydo8Wl1ii1SeHieeh0HHfPeL2fMXK6z0s8ecKs9frCuLJvndBg==
    dependencies:
      punycode "^2.1.0"
  
  url-parse-lax@^3.0.0:
    version "3.0.0"
    dependencies:
      prepend-http "^2.0.0"
  
  url-parse@^1.5.3:
    version "1.5.10"
    dependencies:
      querystringify "^2.1.1"
      requires-port "^1.0.0"
  
  use-memo-one@^1.1.1:
    version "1.1.3"
    resolved "https://registry.npmjs.org/use-memo-one/-/use-memo-one-1.1.3.tgz"
    integrity sha512-g66/K7ZQGYrI6dy8GLpVcMsBp4s17xNkYJVSMvTEevGy3nDxHOfE6z8BVE22+5G5x7t3+bhzrlTDB7ObrEE0cQ==
  
  use-sync-external-store@^1.2.0:
    version "1.5.0"
    resolved "https://registry.npmjs.org/use-sync-external-store/-/use-sync-external-store-1.5.0.tgz"
    integrity sha512-Rb46I4cGGVBmjamjphe8L/UnvJD+uPPtTkNvX5mZgqdbavhI4EbgIWJiIHXJ8bc/i9EQGPRh4DwEURJ552Do0A==
  
  util-deprecate@^1.0.1, util-deprecate@^1.0.2, util-deprecate@~1.0.1:
    version "1.0.2"
  
  utila@~0.4:
    version "0.4.0"
  
  utils-merge@1.0.1:
    version "1.0.1"
  
  uuid@^3.3.2:
    version "3.4.0"
  
  uuid@^8.3.0, uuid@^8.3.2:
    version "8.3.2"
    resolved "https://registry.npmjs.org/uuid/-/uuid-8.3.2.tgz"
    integrity sha512-+NYs2QeMWy+GWFOEm9xnn6HCDp0l7QBD7ml8zLUmJ+93Q5NF0NocErnwkTkXVFNiX3/fpC6afS8Dhb/gz7R7eg==
  
  v8-to-istanbul@^8.1.0:
    version "8.1.1"
    dependencies:
      "@types/istanbul-lib-coverage" "^2.0.1"
      convert-source-map "^1.6.0"
      source-map "^0.7.3"
  
  value-or-function@^3.0.0:
    version "3.0.0"
  
  vary@~1.1.2:
    version "1.1.2"
  
  verror@1.10.0:
    version "1.10.0"
    dependencies:
      assert-plus "^1.0.0"
      core-util-is "1.0.2"
      extsprintf "^1.2.0"
  
  vinyl-fs@^3.0.1:
    version "3.0.3"
    dependencies:
      fs-mkdirp-stream "^1.0.0"
      glob-stream "^6.1.0"
      graceful-fs "^4.0.0"
      is-valid-glob "^1.0.0"
      lazystream "^1.0.0"
      lead "^1.0.0"
      object.assign "^4.0.4"
      pumpify "^1.3.5"
      readable-stream "^2.3.3"
      remove-bom-buffer "^3.0.0"
      remove-bom-stream "^1.2.0"
      resolve-options "^1.1.0"
      through2 "^2.0.0"
      to-through "^2.0.0"
      value-or-function "^3.0.0"
      vinyl "^2.0.0"
      vinyl-sourcemap "^1.1.0"
  
  vinyl-sourcemap@^1.1.0:
    version "1.1.0"
    dependencies:
      append-buffer "^1.0.2"
      convert-source-map "^1.5.0"
      graceful-fs "^4.1.6"
      normalize-path "^2.1.1"
      now-and-later "^2.0.0"
      remove-bom-buffer "^3.0.0"
      vinyl "^2.0.0"
  
  vinyl@^2.0.0, vinyl@^2.2.0:
    version "2.2.1"
    dependencies:
      clone "^2.1.1"
      clone-buffer "^1.0.0"
      clone-stats "^1.0.0"
      cloneable-readable "^1.0.0"
      remove-trailing-separator "^1.0.1"
      replace-ext "^1.0.0"
  
  vite-plugin-dynamic-import@^1.5.0:
    version "1.6.0"
    dependencies:
      acorn "^8.12.1"
      es-module-lexer "^1.5.4"
      fast-glob "^3.3.2"
      magic-string "^0.30.11"
  
  "vite@^4.2.0 || ^5.0.0 || ^6.0.0 || ^7.0.0-beta.0", vite@^5.2.9:
    version "5.4.19"
    dependencies:
      esbuild "^0.21.3"
      postcss "^8.4.43"
      rollup "^4.20.0"
    optionalDependencies:
      fsevents "~2.3.3"
  
  w3c-hr-time@^1.0.2:
    version "1.0.2"
    dependencies:
      browser-process-hrtime "^1.0.0"
  
  w3c-xmlserializer@^2.0.0:
    version "2.0.0"
    dependencies:
      xml-name-validator "^3.0.0"
  
  walker@^1.0.7:
    version "1.0.8"
    dependencies:
      makeerror "1.0.12"
  
  warning@^4.0.0, warning@^4.0.2, warning@^4.0.3:
    version "4.0.3"
    dependencies:
      loose-envify "^1.0.0"
  
  watchpack@^2.4.1:
    version "2.4.4"
    dependencies:
      glob-to-regexp "^0.4.1"
      graceful-fs "^4.1.2"
  
  wbuf@^1.1.0, wbuf@^1.7.3:
    version "1.7.3"
    dependencies:
      minimalistic-assert "^1.0.0"
  
  webidl-conversions@^4.0.2:
    version "4.0.2"
  
  webidl-conversions@^5.0.0:
    version "5.0.0"
  
  webidl-conversions@^6.1.0:
    version "6.1.0"
  
  webpack-dev-middleware@^5.3.4:
    version "5.3.4"
    dependencies:
      colorette "^2.0.10"
      memfs "^3.4.3"
      mime-types "^2.1.31"
      range-parser "^1.2.1"
      schema-utils "^4.0.0"
  
  webpack-dev-server@^4.7.4, "webpack-dev-server@3.x || 4.x || 5.x":
    version "4.15.2"
    dependencies:
      "@types/bonjour" "^3.5.9"
      "@types/connect-history-api-fallback" "^1.3.5"
      "@types/express" "^4.17.13"
      "@types/serve-index" "^1.9.1"
      "@types/serve-static" "^1.13.10"
      "@types/sockjs" "^0.3.33"
      "@types/ws" "^8.5.5"
      ansi-html-community "^0.0.8"
      bonjour-service "^1.0.11"
      chokidar "^3.5.3"
      colorette "^2.0.10"
      compression "^1.7.4"
      connect-history-api-fallback "^2.0.0"
      default-gateway "^6.0.3"
      express "^4.17.3"
      graceful-fs "^4.2.6"
      html-entities "^2.3.2"
      http-proxy-middleware "^2.0.3"
      ipaddr.js "^2.0.1"
      launch-editor "^2.6.0"
      open "^8.0.9"
      p-retry "^4.5.0"
      rimraf "^3.0.2"
      schema-utils "^4.0.0"
      selfsigned "^2.1.1"
      serve-index "^1.9.1"
      sockjs "^0.3.24"
      spdy "^4.0.2"
      webpack-dev-middleware "^5.3.4"
      ws "^8.13.0"
  
  webpack-sources@^3.2.3:
    version "3.3.3"
  
  "webpack@^4.0.0 || ^5.0.0", "webpack@^4.37.0 || ^5.0.0", webpack@^5.0.0, webpack@^5.1.0, webpack@^5.20.0, webpack@^5.41.1, "webpack@>= 4", webpack@>=2, "webpack@>=4.43.0 <6.0.0":
    version "5.99.9"
    dependencies:
      "@types/eslint-scope" "^3.7.7"
      "@types/estree" "^1.0.6"
      "@types/json-schema" "^7.0.15"
      "@webassemblyjs/ast" "^1.14.1"
      "@webassemblyjs/wasm-edit" "^1.14.1"
      "@webassemblyjs/wasm-parser" "^1.14.1"
      acorn "^8.14.0"
      browserslist "^4.24.0"
      chrome-trace-event "^1.0.2"
      enhanced-resolve "^5.17.1"
      es-module-lexer "^1.2.1"
      eslint-scope "5.1.1"
      events "^3.2.0"
      glob-to-regexp "^0.4.1"
      graceful-fs "^4.2.11"
      json-parse-even-better-errors "^2.3.1"
      loader-runner "^4.2.0"
      mime-types "^2.1.27"
      neo-async "^2.6.2"
      schema-utils "^4.3.2"
      tapable "^2.1.1"
      terser-webpack-plugin "^5.3.11"
      watchpack "^2.4.1"
      webpack-sources "^3.2.3"
  
  websocket-driver@^0.7.4, websocket-driver@>=0.5.1:
    version "0.7.4"
    dependencies:
      http-parser-js ">=0.5.1"
      safe-buffer ">=5.1.0"
      websocket-extensions ">=0.1.1"
  
  websocket-extensions@>=0.1.1:
    version "0.1.4"
  
  whatwg-encoding@^1.0.5:
    version "1.0.5"
    dependencies:
      iconv-lite "0.4.24"
  
  whatwg-mimetype@^2.3.0:
    version "2.3.0"
  
  whatwg-url@^7.0.0:
    version "7.1.0"
    dependencies:
      lodash.sortby "^4.7.0"
      tr46 "^1.0.1"
      webidl-conversions "^4.0.2"
  
  whatwg-url@^8.0.0, whatwg-url@^8.5.0:
    version "8.7.0"
    dependencies:
      lodash "^4.7.0"
      tr46 "^2.1.0"
      webidl-conversions "^6.1.0"
  
  which-boxed-primitive@^1.1.0, which-boxed-primitive@^1.1.1:
    version "1.1.1"
    dependencies:
      is-bigint "^1.1.0"
      is-boolean-object "^1.2.1"
      is-number-object "^1.1.1"
      is-string "^1.1.1"
      is-symbol "^1.1.1"
  
  which-builtin-type@^1.2.1:
    version "1.2.1"
    dependencies:
      call-bound "^1.0.2"
      function.prototype.name "^1.1.6"
      has-tostringtag "^1.0.2"
      is-async-function "^2.0.0"
      is-date-object "^1.1.0"
      is-finalizationregistry "^1.1.0"
      is-generator-function "^1.0.10"
      is-regex "^1.2.1"
      is-weakref "^1.0.2"
      isarray "^2.0.5"
      which-boxed-primitive "^1.1.0"
      which-collection "^1.0.2"
      which-typed-array "^1.1.16"
  
  which-collection@^1.0.2:
    version "1.0.2"
    dependencies:
      is-map "^2.0.3"
      is-set "^2.0.3"
      is-weakmap "^2.0.2"
      is-weakset "^2.0.3"
  
  which-module@^2.0.0:
    version "2.0.1"
  
  which-typed-array@^1.1.16, which-typed-array@^1.1.19:
    version "1.1.19"
    dependencies:
      available-typed-arrays "^1.0.7"
      call-bind "^1.0.8"
      call-bound "^1.0.4"
      for-each "^0.3.5"
      get-proto "^1.0.1"
      gopd "^1.2.0"
      has-tostringtag "^1.0.2"
  
  which@^1.2.9:
    version "1.3.1"
    dependencies:
      isexe "^2.0.0"
  
  which@^1.3.1:
    version "1.3.1"
    dependencies:
      isexe "^2.0.0"
  
  which@^2.0.1:
    version "2.0.2"
    dependencies:
      isexe "^2.0.0"
  
  widest-line@^2.0.0:
    version "2.0.1"
    dependencies:
      string-width "^2.1.1"
  
  wmf@~1.0.1:
    version "1.0.2"
    resolved "https://registry.npmjs.org/wmf/-/wmf-1.0.2.tgz"
    integrity sha512-/p9K7bEh0Dj6WbXg4JG0xvLQmIadrner1bi45VMJTfnbVHsc7yIajZyoSoK60/dtVBs12Fm6WkUI5/3WAVsNMw==
  
  word-wrap@^1.2.5:
    version "1.2.5"
  
  word@~0.3.0:
    version "0.3.0"
    resolved "https://registry.npmjs.org/word/-/word-0.3.0.tgz"
    integrity sha512-OELeY0Q61OXpdUfTp+oweA/vtLVg5VDOXh+3he3PNzLGG/y0oylSOC1xRVj0+l4vQ3tj/bB1HVHv1ocXkQceFA==
  
  wordwrap@^1.0.0:
    version "1.0.0"
  
  workbox-background-sync@7.3.0:
    version "7.3.0"
    dependencies:
      idb "^7.0.1"
      workbox-core "7.3.0"
  
  workbox-broadcast-update@7.3.0:
    version "7.3.0"
    dependencies:
      workbox-core "7.3.0"
  
  workbox-build@^7.1.1:
    version "7.3.0"
    dependencies:
      "@apideck/better-ajv-errors" "^0.3.1"
      "@babel/core" "^7.24.4"
      "@babel/preset-env" "^7.11.0"
      "@babel/runtime" "^7.11.2"
      "@rollup/plugin-babel" "^5.2.0"
      "@rollup/plugin-node-resolve" "^15.2.3"
      "@rollup/plugin-replace" "^2.4.1"
      "@rollup/plugin-terser" "^0.4.3"
      "@surma/rollup-plugin-off-main-thread" "^2.2.3"
      ajv "^8.6.0"
      common-tags "^1.8.0"
      fast-json-stable-stringify "^2.1.0"
      fs-extra "^9.0.1"
      glob "^7.1.6"
      lodash "^4.17.20"
      pretty-bytes "^5.3.0"
      rollup "^2.43.1"
      source-map "^0.8.0-beta.0"
      stringify-object "^3.3.0"
      strip-comments "^2.0.1"
      tempy "^0.6.0"
      upath "^1.2.0"
      workbox-background-sync "7.3.0"
      workbox-broadcast-update "7.3.0"
      workbox-cacheable-response "7.3.0"
      workbox-core "7.3.0"
      workbox-expiration "7.3.0"
      workbox-google-analytics "7.3.0"
      workbox-navigation-preload "7.3.0"
      workbox-precaching "7.3.0"
      workbox-range-requests "7.3.0"
      workbox-recipes "7.3.0"
      workbox-routing "7.3.0"
      workbox-strategies "7.3.0"
      workbox-streams "7.3.0"
      workbox-sw "7.3.0"
      workbox-window "7.3.0"
  
  workbox-cacheable-response@7.3.0:
    version "7.3.0"
    dependencies:
      workbox-core "7.3.0"
  
  workbox-core@7.3.0:
    version "7.3.0"
  
  workbox-expiration@7.3.0:
    version "7.3.0"
    dependencies:
      idb "^7.0.1"
      workbox-core "7.3.0"
  
  workbox-google-analytics@7.3.0:
    version "7.3.0"
    dependencies:
      workbox-background-sync "7.3.0"
      workbox-core "7.3.0"
      workbox-routing "7.3.0"
      workbox-strategies "7.3.0"
  
  workbox-navigation-preload@7.3.0:
    version "7.3.0"
    dependencies:
      workbox-core "7.3.0"
  
  workbox-precaching@^7.1.0, workbox-precaching@7.3.0:
    version "7.3.0"
    dependencies:
      workbox-core "7.3.0"
      workbox-routing "7.3.0"
      workbox-strategies "7.3.0"
  
  workbox-range-requests@7.3.0:
    version "7.3.0"
    dependencies:
      workbox-core "7.3.0"
  
  workbox-recipes@7.3.0:
    version "7.3.0"
    dependencies:
      workbox-cacheable-response "7.3.0"
      workbox-core "7.3.0"
      workbox-expiration "7.3.0"
      workbox-precaching "7.3.0"
      workbox-routing "7.3.0"
      workbox-strategies "7.3.0"
  
  workbox-routing@^7.1.0, workbox-routing@7.3.0:
    version "7.3.0"
    dependencies:
      workbox-core "7.3.0"
  
  workbox-strategies@^7.1.0, workbox-strategies@7.3.0:
    version "7.3.0"
    dependencies:
      workbox-core "7.3.0"
  
  workbox-streams@7.3.0:
    version "7.3.0"
    dependencies:
      workbox-core "7.3.0"
      workbox-routing "7.3.0"
  
  workbox-sw@7.3.0:
    version "7.3.0"
  
  workbox-window@7.3.0:
    version "7.3.0"
    dependencies:
      "@types/trusted-types" "^2.0.2"
      workbox-core "7.3.0"
  
  "wrap-ansi-cjs@npm:wrap-ansi@^7.0.0":
    version "7.0.0"
    dependencies:
      ansi-styles "^4.0.0"
      string-width "^4.1.0"
      strip-ansi "^6.0.0"
  
  wrap-ansi@^5.1.0:
    version "5.1.0"
    dependencies:
      ansi-styles "^3.2.0"
      string-width "^3.0.0"
      strip-ansi "^5.0.0"
  
  wrap-ansi@^7.0.0:
    version "7.0.0"
    dependencies:
      ansi-styles "^4.0.0"
      string-width "^4.1.0"
      strip-ansi "^6.0.0"
  
  wrap-ansi@^8.1.0:
    version "8.1.0"
    dependencies:
      ansi-styles "^6.1.0"
      string-width "^5.0.1"
      strip-ansi "^7.0.1"
  
  wrap-ansi@^9.0.0:
    version "9.0.0"
    resolved "https://registry.npmjs.org/wrap-ansi/-/wrap-ansi-9.0.0.tgz"
    integrity sha512-G8ura3S+3Z2G+mkgNRq8dqaFZAuxfsxpBB8OCTGRTCtp+l/v9nbFNmCUP1BZMts3G1142MsZfn6eeUKrr4PD1Q==
    dependencies:
      ansi-styles "^6.2.1"
      string-width "^7.0.0"
      strip-ansi "^7.1.0"
  
  wrappy@1:
    version "1.0.2"
  
  write-file-atomic@^2.0.0:
    version "2.4.3"
    dependencies:
      graceful-fs "^4.1.11"
      imurmurhash "^0.1.4"
      signal-exit "^3.0.2"
  
  write-file-atomic@^3.0.0:
    version "3.0.3"
    dependencies:
      imurmurhash "^0.1.4"
      is-typedarray "^1.0.0"
      signal-exit "^3.0.2"
      typedarray-to-buffer "^3.1.5"
  
  ws@^7.4.6:
    version "7.5.10"
  
  ws@^8.13.0:
    version "8.18.3"
  
  xdg-basedir@^3.0.0:
    version "3.0.0"
  
  xlsx@^0.18.5, xlsx@0.18.5:
    version "0.18.5"
    resolved "https://registry.npmjs.org/xlsx/-/xlsx-0.18.5.tgz"
    integrity sha512-dmg3LCjBPHZnQp5/F/+nnTa+miPJxUXB6vtk42YjBBKayDNagxGEeIdWApkYPOf3Z3pm3k62Knjzp7lMeTEtFQ==
    dependencies:
      adler-32 "~1.3.0"
      cfb "~1.2.1"
      codepage "~1.15.0"
      crc-32 "~1.2.1"
      ssf "~0.11.2"
      wmf "~1.0.1"
      word "~0.3.0"
  
  xml-name-validator@^3.0.0:
    version "3.0.0"
  
  xmlchars@^2.2.0:
    version "2.2.0"
  
  xtend@~4.0.0, xtend@~4.0.1:
    version "4.0.2"
  
  y18n@^4.0.0:
    version "4.0.3"
  
  y18n@^5.0.5:
    version "5.0.8"
  
  yallist@^2.1.2:
    version "2.1.2"
  
  yallist@^3.0.0, yallist@^3.0.2, yallist@^3.1.1:
    version "3.1.1"
  
  yaml@^1.10.0, yaml@^1.10.2, yaml@^1.7.2:
    version "1.10.2"
  
  yargs-parser@^13.1.2:
    version "13.1.2"
    dependencies:
      camelcase "^5.0.0"
      decamelize "^1.2.0"
  
  yargs-parser@^20.2.2:
    version "20.2.9"
  
  yargs@^13.1.0:
    version "13.3.2"
    dependencies:
      cliui "^5.0.0"
      find-up "^3.0.0"
      get-caller-file "^2.0.1"
      require-directory "^2.1.1"
      require-main-filename "^2.0.0"
      set-blocking "^2.0.0"
      string-width "^3.0.0"
      which-module "^2.0.0"
      y18n "^4.0.0"
      yargs-parser "^13.1.2"
  
  yargs@^16.1.0:
    version "16.2.0"
    dependencies:
      cliui "^7.0.2"
      escalade "^3.1.1"
      get-caller-file "^2.0.5"
      require-directory "^2.1.1"
      string-width "^4.2.0"
      y18n "^5.0.5"
      yargs-parser "^20.2.2"
  
  yargs@^16.2.0:
    version "16.2.0"
    dependencies:
      cliui "^7.0.2"
      escalade "^3.1.1"
      get-caller-file "^2.0.5"
      require-directory "^2.1.1"
      string-width "^4.2.0"
      y18n "^5.0.5"
      yargs-parser "^20.2.2"
  
  yocto-queue@^0.1.0:
    version "0.1.0"
  
  zalgo-promise@^1, zalgo-promise@^1.0.11, zalgo-promise@^1.0.3:
    version "1.0.48"
  
  zip-stream@^2.1.2:
    version "2.1.3"
    dependencies:
      archiver-utils "^2.1.0"
      compress-commons "^2.1.1"
      readable-stream "^3.4.0"
  
  zip-stream@^4.1.0:
    version "4.1.1"
    resolved "https://registry.npmjs.org/zip-stream/-/zip-stream-4.1.1.tgz"
    integrity sha512-9qv4rlDiopXg4E69k+vMHjNN63YFMe9sZMrdlvKnCjlCRWeCBswPPMPUfx+ipsAWq1LXHe70RcbaHdJJpS6hyQ==
    dependencies:
      archiver-utils "^3.0.4"
      compress-commons "^4.1.2"
      readable-stream "^3.6.0"
  
  zod@^3.16.0, zod@^3.23.8:
    version "3.25.75"
